OrderID,CustomerID,RestaurantID,OrderDate,Amount
1,44,4,2024-10-21 16:31:00,568.25
2,122,5,2024-11-15 12:07:00,492.15
3,107,8,2024-02-20 12:55:00,1261.82
4,82,4,2025-10-04 22:13:00,887.84
5,52,7,2024-02-17 14:19:00,959.36
6,66,1,2025-03-11 14:10:00,163.78
7,33,11,2024-01-14 17:14:00,1293.3
8,146,8,2024-12-29 15:24:00,381.93
9,110,6,2025-12-09 12:09:00,573.34
10,135,5,2024-10-21 17:49:00,1081.17
11,115,3,2024-02-29 11:19:00,572.15
12,55,6,2025-02-08 03:36:00,496.59
13,41,20,2024-08-24 19:55:00,153.68
14,33,13,2024-07-13 14:44:00,1038.86
15,33,6,2025-11-01 20:24:00,1036.37
16,44,5,2025-06-15 12:08:00,1104.1
17,116,6,2025-04-10 08:30:00,186.96
18,103,4,2024-06-29 14:18:00,1020.8
19,133,10,2025-02-27 18:46:00,884.68
20,42,1,2025-12-19 13:50:00,1471.59
21,39,11,2025-12-19 11:22:00,306.41
22,49,12,2024-07-28 17:52:00,246.47
23,122,6,2024-01-04 22:02:00,350.32
24,49,7,2025-05-31 02:51:00,160.13
25,47,18,2024-08-25 19:54:00,565.04
26,111,20,2024-07-22 08:59:00,1130.08
27,61,11,2024-08-09 18:24:00,1212.32
28,131,2,2024-09-06 11:14:00,539.83
29,66,7,2024-03-26 17:57:00,1387.34
30,73,6,2024-07-10 18:28:00,1474.74
31,134,16,2024-03-27 20:35:00,791.4
32,137,6,2025-07-15 20:39:00,1230.04
33,112,1,2024-11-13 15:46:00,996.93
34,102,3,2025-03-27 07:26:00,621.57
35,96,13,2025-03-27 14:16:00,377.31
36,44,8,2024-11-05 06:58:00,316.28
37,139,11,2025-07-25 11:22:00,661.53
38,115,12,2025-06-30 14:58:00,228.89
39,31,8,2025-04-16 12:18:00,831.55
40,36,18,2025-04-29 11:12:00,1066.51
41,46,20,2025-08-26 18:34:00,699.92
42,35,9,2024-07-27 17:34:00,848.77
43,137,4,2024-07-08 11:48:00,783.85
44,95,9,2024-09-11 14:05:00,1314.38
45,104,4,2024-10-27 16:04:00,400.47
46,86,1,2025-06-06 18:32:00,1458.84
47,120,8,2025-10-17 13:26:00,1495.23
48,129,13,2024-09-24 17:11:00,715.12
49,3,10,2025-01-20 13:57:00,1045.58
50,150,13,2025-05-18 11:46:00,1353.35
51,9,12,2024-09-14 12:21:00,850.87
52,82,9,2025-11-26 09:57:00,443.17
53,30,11,2025-11-01 19:14:00,356.15
54,92,11,2025-09-01 15:58:00,1049.93
55,13,2,2025-11-20 14:55:00,904.3
56,30,13,2025-01-20 19:29:00,1204.16
57,149,5,2024-07-09 21:24:00,1008.44
58,70,13,2025-01-27 12:43:00,1044.24
59,105,6,2024-04-11 08:21:00,174.63
60,146,11,2025-07-16 13:46:00,778.66
61,13,13,2024-02-25 18:58:00,843.42
62,38,12,2025-06-12 14:20:00,1283.16
63,72,14,2025-11-02 13:30:00,1171.06
64,135,2,2025-02-25 11:58:00,194.7
65,122,19,2024-09-28 11:16:00,495.0
66,123,14,2024-08-26 19:59:00,1137.18
67,66,11,2024-07-13 12:53:00,1207.64
68,117,10,2025-12-01 13:40:00,244.49
69,41,4,2025-05-24 21:30:00,560.75
70,128,14,2024-12-03 13:33:00,478.2
71,121,5,2024-06-30 15:59:00,226.49
72,53,13,2025-06-26 15:32:00,671.75
73,16,17,2024-05-28 07:39:00,670.84
74,147,16,2024-07-14 13:14:00,435.2
75,125,1,2024-06-21 17:12:00,190.86
76,95,20,2025-12-13 18:36:00,272.78
77,59,3,2025-08-19 21:56:00,1483.6
78,139,8,2025-05-11 19:27:00,596.35
79,53,16,2025-10-31 11:01:00,864.26
80,19,16,2025-07-18 21:24:00,554.75
81,110,3,2025-08-17 20:52:00,987.41
82,8,11,2024-11-10 10:02:00,302.07
83,95,6,2025-08-05 04:16:00,826.03
84,25,20,2025-06-19 10:01:00,1470.15
85,40,3,2025-06-20 12:30:00,775.79
86,137,3,2025-05-12 22:47:00,1294.72
87,37,11,2024-08-10 00:51:00,778.31
88,105,13,2025-08-17 09:33:00,140.78
89,149,3,2024-05-27 10:53:00,175.72
90,104,19,2024-08-17 14:40:00,996.07
91,31,12,2025-05-09 12:55:00,319.13
92,105,10,2025-03-04 17:17:00,532.27
93,56,7,2025-09-06 10:54:00,1321.05
94,133,2,2024-09-30 11:16:00,997.62
95,92,14,2024-08-13 17:20:00,587.82
96,87,20,2024-02-19 16:51:00,755.5
97,78,14,2025-04-09 19:09:00,1267.43
98,83,14,2025-12-02 17:09:00,851.82
99,150,18,2024-02-13 12:07:00,1424.8
100,149,14,2024-11-22 11:59:00,
101,135,9,2024-09-09 12:52:00,1049.49
102,10,11,2025-04-18 18:22:00,731.62
103,149,14,2025-01-01 18:30:00,426.81
104,105,6,2025-09-09 19:46:00,966.29
105,131,3,2025-01-20 09:22:00,1340.82
106,125,19,2024-10-26 15:55:00,773.05
107,149,3,2024-07-21 12:36:00,966.45
108,34,2,2024-11-27 12:43:00,860.66
109,47,1,2024-06-26 17:00:00,655.86
110,69,6,2025-12-02 18:04:00,162.91
111,36,14,2024-03-14 22:43:00,668.42
112,99,3,2025-03-29 01:05:00,1200.68
113,107,14,2025-09-19 03:30:00,1066.44
114,136,7,2024-05-21 19:54:00,122.71
115,9,12,2024-05-11 19:19:00,1192.41
116,138,17,2024-04-08 11:26:00,612.93
117,59,19,2024-09-22 18:34:00,743.9
118,45,2,2025-03-20 10:03:00,298.38
119,136,15,2024-03-20 11:45:00,1228.55
120,50,18,2024-04-02 16:02:00,550.38
121,75,14,2024-04-08 20:23:00,132.31
122,150,11,2025-07-18 22:01:00,1315.13
123,112,5,2024-11-15 12:28:00,661.62
124,22,2,2024-07-23 09:11:00,298.59
125,138,20,2025-04-01 14:16:00,736.27
126,89,5,2024-02-07 22:23:00,223.33
127,12,12,2025-10-22 11:54:00,1216.73
128,33,8,2025-09-03 14:59:00,567.65
129,76,3,2024-11-10 10:56:00,1178.02
130,65,14,2024-01-24 17:17:00,1213.99
131,41,13,2025-09-23 12:28:00,1022.56
132,133,8,2024-03-29 21:28:00,741.69
133,112,4,2025-08-01 21:51:00,1386.9
134,99,9,2024-07-27 10:41:00,1089.05
135,10,1,2025-10-18 23:21:00,1421.7
136,137,4,2025-07-18 19:33:00,825.61
137,81,4,2024-08-08 11:38:00,1220.48
138,2,20,2025-10-04 21:29:00,1386.03
139,148,5,2025-03-23 03:53:00,1394.81
140,83,15,2024-07-19 13:08:00,499.68
141,137,5,2024-09-09 09:19:00,633.08
142,114,19,2025-02-02 20:31:00,1372.74
143,116,4,2024-09-07 13:52:00,235.06
144,16,6,2025-01-02 13:59:00,810.9
145,145,19,2025-11-14 18:11:00,285.62
146,6,2,2025-01-27 17:33:00,1317.97
147,20,6,2024-10-23 18:18:00,577.21
148,86,5,2025-12-18 11:57:00,865.08
149,47,13,2025-06-19 00:01:00,951.64
150,108,14,2025-04-23 12:38:00,847.2
151,16,11,2024-11-27 03:32:00,745.45
152,110,13,2024-08-14 07:15:00,158.42
153,19,3,2024-02-03 14:45:00,749.25
154,94,10,2025-02-12 19:25:00,1259.92
155,106,6,2024-06-01 20:39:00,267.66
156,31,19,2024-04-02 17:31:00,607.97
157,34,3,2024-02-04 18:26:00,427.93
158,54,1,2024-09-07 12:43:00,703.61
159,122,5,2024-06-08 15:29:00,719.35
160,150,1,2025-07-09 09:59:00,261.95
161,147,15,2024-04-02 07:31:00,185.68
162,69,9,2024-06-23 19:07:00,431.17
163,116,4,2025-06-17 19:19:00,1029.56
164,84,8,2024-09-01 21:00:00,921.71
165,67,16,2025-12-26 16:29:00,892.57
166,107,20,2025-08-08 16:59:00,1233.8
167,125,11,2024-10-02 16:21:00,992.77
168,90,16,2024-02-12 20:48:00,321.97
169,95,18,2024-03-28 19:19:00,337.31
170,44,18,2024-05-02 07:35:00,1392.0
171,118,8,2025-10-13 11:29:00,635.96
172,125,19,2024-01-21 10:11:00,1254.6
173,4,13,2024-07-09 07:40:00,769.9
174,96,19,2025-02-28 09:03:00,1208.24
175,39,10,2024-04-02 20:56:00,668.54
176,34,11,2024-04-16 11:51:00,186.93
177,30,1,2024-07-15 13:22:00,217.26
178,38,9,2025-12-16 18:22:00,224.54
179,74,6,2025-07-23 06:26:00,368.65
180,54,5,2025-04-27 17:48:00,1022.36
181,139,5,2025-07-18 23:18:00,221.92
182,8,8,2024-04-15 18:52:00,336.36
183,127,20,2025-11-10 16:12:00,572.0
184,125,13,2024-09-30 02:03:00,207.72
185,133,2,2025-03-23 11:35:00,1459.59
186,26,20,2024-06-07 01:11:00,1122.5
187,74,6,2025-01-01 14:29:00,554.12
188,126,4,2024-05-29 17:29:00,986.1
189,61,4,2024-02-23 19:14:00,497.9
190,113,12,2024-05-17 18:41:00,886.33
191,142,9,2025-01-24 22:49:00,232.25
192,20,12,2024-06-24 22:45:00,564.01
193,92,6,2025-10-14 16:23:00,190.78
194,96,1,2025-12-03 19:23:00,943.74
195,49,4,2025-03-10 13:32:00,1148.29
196,38,7,2024-09-30 16:47:00,1136.41
197,34,4,2024-06-18 10:26:00,1486.72
198,31,6,2025-01-04 17:50:00,664.79
199,40,12,2024-05-15 16:39:00,1279.48
200,50,4,2025-01-01 12:59:00,1194.96
201,137,19,2025-03-08 16:21:00,298.89
202,86,20,2024-07-14 06:15:00,210.68
203,71,16,2025-10-28 23:42:00,1202.25
204,135,8,2025-03-24 18:47:00,222.26
205,90,3,2024-01-28 21:55:00,1202.04
206,25,7,2025-03-07 19:15:00,1328.45
207,59,8,2025-07-21 17:47:00,580.48
208,145,9,2024-10-08 16:12:00,519.73
209,133,5,2025-08-30 13:58:00,1218.48
210,91,17,2024-11-28 09:48:00,894.72
211,109,1,2025-07-02 16:35:00,1305.36
212,110,6,2025-05-07 14:54:00,1493.84
213,41,17,2024-12-05 10:44:00,847.61
214,116,18,2025-11-05 01:42:00,1162.73
215,116,20,2024-10-28 21:51:00,124.48
216,80,19,2024-06-20 21:05:00,1397.15
217,125,15,2025-07-31 15:27:00,341.08
218,59,2,2025-12-28 12:33:00,877.39
219,20,3,2025-04-13 18:33:00,737.35
220,110,13,2025-08-23 14:02:00,272.36
221,3,8,2024-12-11 10:23:00,807.16
222,44,6,2025-01-20 23:44:00,934.13
223,140,10,2024-03-30 15:40:00,831.8
224,97,17,2025-12-24 20:09:00,1273.99
225,90,7,2024-11-15 17:52:00,1492.88
226,47,2,2024-12-06 22:19:00,680.99
227,94,9,2024-05-25 11:45:00,516.79
228,74,6,2025-07-22 15:09:00,399.97
229,30,3,2025-04-23 18:18:00,974.23
230,133,3,2025-04-11 22:59:00,389.18
231,41,17,2024-08-11 08:32:00,636.0
232,115,13,2025-02-24 20:15:00,357.5
233,95,16,2024-08-16 15:47:00,708.18
234,63,6,2025-01-11 15:23:00,235.91
235,92,6,2025-03-27 11:18:00,662.09
236,47,2,2025-12-13 02:39:00,314.61
237,135,15,2025-09-03 13:08:00,1000.4
238,41,8,2024-12-11 12:08:00,771.17
239,58,3,2025-02-08 22:44:00,1130.55
240,132,13,2025-11-27 18:49:00,820.98
241,71,4,2024-01-08 11:37:00,844.64
242,105,3,2025-01-14 12:48:00,936.86
243,47,1,2024-02-15 08:17:00,498.03
244,10,10,2024-07-28 10:34:00,1250.56
245,131,2,2025-07-03 19:38:00,453.35
246,58,10,2024-10-06 19:12:00,1443.65
247,47,8,2025-11-10 08:58:00,624.85
248,42,17,2025-01-08 12:17:00,1079.91
249,126,17,2024-04-18 11:43:00,1385.83
250,61,15,2024-07-09 20:21:00,
251,145,14,2025-08-19 07:26:00,897.5
252,40,15,2025-07-23 13:08:00,1183.73
253,127,18,2024-04-19 16:43:00,421.4
254,17,14,2025-05-09 17:07:00,441.56
255,109,8,2024-10-06 09:21:00,647.57
256,136,9,2025-09-06 23:16:00,1125.18
257,74,6,2025-08-13 13:07:00,928.29
258,86,9,2025-05-02 20:01:00,1075.72
259,31,2,2025-03-01 18:29:00,894.81
260,102,19,2025-01-25 21:41:00,1297.65
261,107,9,2024-03-17 07:40:00,682.65
262,16,15,2025-09-06 08:11:00,259.14
263,4,16,2024-09-24 20:14:00,471.3
264,125,3,2024-05-01 21:31:00,920.08
265,4,20,2025-03-03 11:45:00,651.41
266,126,12,2024-03-25 19:38:00,882.07
267,41,20,2024-06-06 19:25:00,835.82
268,65,1,2024-06-24 16:33:00,890.71
269,15,19,2024-10-05 10:31:00,1144.87
270,128,17,2024-06-23 07:56:00,914.19
271,30,13,2024-03-24 15:41:00,163.96
272,19,17,2025-07-16 10:38:00,824.46
273,137,19,2025-10-01 14:54:00,1064.75
274,139,2,2025-12-05 18:46:00,695.39
275,72,2,2025-07-19 17:08:00,757.9
276,52,18,2025-09-29 21:23:00,164.45
277,17,16,2024-08-24 13:09:00,463.69
278,44,15,2024-05-20 13:49:00,277.51
279,125,3,2024-10-02 13:29:00,691.66
280,102,8,2024-06-04 19:49:00,1078.03
281,35,8,2025-05-20 09:24:00,493.27
282,32,3,2024-09-08 19:54:00,678.51
283,133,20,2025-07-10 19:47:00,149.5
284,50,7,2024-08-31 17:58:00,986.17
285,47,3,2025-11-22 19:02:00,758.36
286,145,17,2024-08-29 14:42:00,302.14
287,89,18,2025-04-12 01:04:00,1417.13
288,41,9,2024-01-19 23:21:00,1479.28
289,59,18,2024-10-23 09:02:00,499.42
290,68,8,2024-04-03 11:49:00,1030.08
291,77,16,2024-12-08 16:20:00,265.6
292,51,5,2024-05-26 18:29:00,1416.98
293,84,16,2024-11-10 21:09:00,979.4
294,4,8,2025-11-17 15:42:00,1149.27
295,35,14,2024-12-02 21:49:00,1441.83
296,66,17,2024-10-14 18:43:00,808.53
297,81,2,2024-05-06 14:58:00,1021.27
298,95,4,2025-12-18 19:13:00,218.93
299,126,18,2025-09-17 15:03:00,1465.35
300,45,19,2025-05-19 18:43:00,1236.58
301,47,14,2024-02-08 06:34:00,606.59
302,124,18,2025-07-23 10:51:00,156.38
303,53,15,2025-12-29 05:19:00,1101.74
304,24,7,2025-07-15 12:42:00,1442.37
305,108,9,2024-04-15 20:01:00,1331.18
306,21,8,2025-08-21 10:12:00,1191.36
307,125,5,2024-03-16 20:42:00,902.6
308,74,5,2025-04-21 11:09:00,537.67
309,49,10,2025-01-18 19:44:00,817.58
310,39,17,2025-10-03 21:22:00,593.25
311,56,2,2025-12-27 14:40:00,1384.18
312,149,10,2024-01-01 14:42:00,193.41
313,34,19,2024-05-03 17:26:00,707.7
314,124,5,2024-04-21 14:33:00,804.06
315,133,4,2025-01-16 07:49:00,1387.68
316,137,17,2025-11-17 03:27:00,670.97
317,96,6,2025-04-12 17:34:00,520.72
318,140,1,2024-11-26 16:49:00,605.68
319,17,17,2024-12-26 16:48:00,315.87
320,31,9,2024-03-21 07:31:00,366.59
321,59,5,2024-11-08 19:43:00,1220.03
322,74,14,2025-01-25 20:53:00,826.19
323,44,2,2024-09-29 14:21:00,944.0
324,125,5,2024-02-27 19:57:00,773.98
325,119,15,2025-07-20 15:08:00,954.09
326,10,12,2025-12-20 10:37:00,1440.72
327,84,20,2025-08-08 15:45:00,313.5
328,4,7,2025-05-18 02:49:00,1118.47
329,118,12,2025-09-12 16:02:00,227.57
330,86,15,2025-04-30 20:02:00,691.88
331,2,3,2025-07-25 12:14:00,443.85
332,13,18,2024-12-28 09:41:00,845.41
333,95,17,2025-03-18 19:53:00,556.36
334,3,13,2025-08-09 14:10:00,905.3
335,147,6,2025-12-13 16:21:00,1064.13
336,145,9,2024-07-23 12:17:00,492.22
337,26,8,2024-07-10 17:01:00,1039.7
338,31,5,2025-02-21 17:53:00,959.74
339,74,2,2024-03-27 22:30:00,723.7
340,85,1,2024-07-26 01:33:00,939.4
341,150,13,2024-03-10 13:36:00,1406.17
342,13,20,2025-03-20 16:24:00,875.22
343,140,16,2025-04-15 13:32:00,874.59
344,131,20,2025-11-20 13:09:00,1294.98
345,83,13,2025-05-03 11:40:00,1390.84
346,41,15,2024-11-08 06:58:00,1075.63
347,84,19,2024-12-30 16:17:00,1315.24
348,95,18,2024-10-28 18:20:00,410.61
349,32,19,2025-01-22 10:37:00,313.21
350,13,14,2025-08-02 19:01:00,435.12
351,87,8,2025-11-17 18:12:00,1091.53
352,126,3,2024-02-17 12:52:00,1201.53
353,27,10,2024-12-09 18:54:00,1320.22
354,126,4,2024-06-06 17:58:00,883.33
355,5,1,2025-05-23 12:07:00,984.55
356,74,9,2025-01-25 19:01:00,883.45
357,72,18,2025-08-22 11:24:00,501.0
358,71,18,2025-04-18 16:21:00,427.6
359,29,16,2024-10-19 23:16:00,159.33
360,13,8,2024-12-20 15:16:00,458.72
361,52,6,2025-03-31 14:42:00,1190.59
362,57,7,2024-01-11 13:25:00,911.45
363,120,13,2025-08-29 17:39:00,915.81
364,76,4,2024-12-04 02:22:00,975.71
365,118,11,2025-02-17 20:24:00,612.55
366,119,3,2024-02-12 17:02:00,205.02
367,94,7,2024-03-02 04:18:00,822.27
368,49,11,2025-05-05 10:26:00,1062.88
369,38,1,2024-07-30 05:17:00,1196.26
370,73,11,2024-03-16 09:22:00,791.65
371,79,20,2024-02-18 15:31:00,754.74
372,24,9,2025-03-24 18:53:00,659.85
373,24,8,2024-03-03 18:05:00,640.16
374,136,16,2024-07-11 12:15:00,1418.6
375,109,7,2025-09-04 18:32:00,290.64
376,111,2,2025-09-14 18:34:00,1231.43
377,135,11,2025-10-15 13:53:00,336.96
378,92,12,2025-11-14 13:27:00,704.57
379,47,9,2024-10-05 08:29:00,632.84
380,128,19,2024-10-28 08:57:00,1488.02
381,3,1,2024-01-09 11:41:00,365.08
382,80,8,2025-02-15 13:59:00,502.67
383,86,18,2025-05-03 20:51:00,1352.24
384,49,8,2025-09-06 20:04:00,937.07
385,132,4,2025-01-29 18:40:00,1235.9
386,136,9,2025-10-09 20:32:00,1482.22
387,118,18,2025-08-26 17:25:00,709.8
388,26,3,2024-04-23 10:12:00,1064.62
389,4,20,2025-09-17 21:10:00,1010.98
390,14,5,2024-01-29 18:43:00,603.5
391,14,19,2024-07-20 14:51:00,1410.93
392,44,14,2024-10-26 14:00:00,787.39
393,125,10,2024-04-16 14:59:00,361.22
394,44,9,2024-08-24 19:55:00,993.6
395,139,20,2025-03-06 03:42:00,576.02
396,118,15,2024-05-10 09:07:00,1489.35
397,37,10,2024-09-04 10:02:00,1056.69
398,47,20,2024-09-16 16:02:00,932.32
399,66,6,2025-07-22 18:35:00,403.52
400,11,3,2024-06-09 18:21:00,1165.89
401,61,6,2025-10-03 11:30:00,1209.24
402,135,2,2024-07-06 01:48:00,1189.58
403,41,16,2025-04-14 12:24:00,1384.1
404,77,9,2025-10-10 19:52:00,1383.45
405,106,2,2025-01-13 21:58:00,776.0
406,5,18,2024-02-08 15:18:00,839.72
407,48,14,2024-01-03 14:08:00,1123.44
408,55,1,2024-06-05 14:05:00,827.44
409,143,7,2025-08-27 19:41:00,1250.4
410,46,5,2024-03-09 10:05:00,1095.02
411,7,18,2025-08-18 20:47:00,1182.93
412,126,11,2024-10-21 12:16:00,484.37
413,3,19,2024-02-27 08:55:00,577.55
414,55,16,2025-01-09 16:29:00,1229.16
415,70,5,2025-07-24 11:53:00,726.78
416,80,1,2024-05-29 17:29:00,1035.22
417,32,10,2025-04-21 17:01:00,810.03
418,112,5,2024-08-14 19:28:00,171.07
419,104,9,2025-09-09 18:58:00,928.2
420,115,12,2024-06-25 19:51:00,721.06
421,145,19,2025-07-20 10:31:00,1099.46
422,110,19,2025-01-16 10:15:00,417.58
423,3,8,2025-09-01 13:18:00,851.47
424,45,14,2025-02-06 21:53:00,951.59
425,39,18,2024-04-16 19:13:00,396.05
426,130,4,2025-04-11 12:15:00,1048.17
427,52,19,2025-08-20 16:27:00,357.52
428,105,6,2025-10-24 09:01:00,512.0
429,135,14,2024-04-20 21:55:00,671.83
430,56,20,2025-05-30 20:19:00,401.98
431,131,16,2024-09-20 12:50:00,334.0
432,85,3,2025-04-22 18:16:00,932.49
433,122,11,2025-07-22 17:48:00,886.29
434,80,7,2024-04-12 19:50:00,509.58
435,133,19,2025-10-20 00:57:00,883.22
436,34,7,2025-12-10 17:00:00,1353.91
437,21,20,2025-05-09 16:56:00,1343.89
438,129,18,2025-10-28 20:04:00,173.01
439,33,4,2025-01-16 12:07:00,296.82
440,23,10,2024-02-14 08:05:00,268.02
441,115,5,2025-07-06 23:20:00,583.05
442,49,13,2024-06-07 12:57:00,856.77
443,133,17,2025-01-09 11:25:00,658.84
444,83,10,2025-05-12 12:41:00,1176.79
445,19,20,2024-12-10 18:24:00,792.17
446,37,14,2024-10-01 18:59:00,853.83
447,23,18,2024-10-05 13:40:00,432.66
448,49,16,2024-02-19 15:56:00,918.89
449,129,5,2024-03-30 19:21:00,242.92
450,103,10,2025-12-31 08:35:00,473.68
451,110,1,2025-06-28 21:04:00,290.31
452,44,13,2025-07-14 10:07:00,953.31
453,133,8,2025-06-01 18:23:00,832.19
454,116,18,2024-12-04 10:04:00,309.62
455,51,14,2025-12-16 13:00:00,415.08
456,115,16,2024-09-27 20:25:00,880.94
457,39,16,2024-02-27 12:52:00,457.21
458,137,18,2025-02-24 21:35:00,517.2
459,140,2,2024-09-27 20:22:00,740.56
460,74,14,2025-10-29 16:46:00,612.68
461,48,7,2025-08-14 11:14:00,741.14
462,125,12,2025-04-01 18:56:00,986.38
463,49,1,2025-03-20 09:51:00,1273.95
464,139,3,2025-03-18 12:24:00,150.45
465,103,18,2025-09-24 12:30:00,1076.06
466,121,14,2024-07-31 08:40:00,863.63
467,41,2,2024-01-27 09:49:00,1372.56
468,8,4,2025-10-22 12:40:00,866.62
469,107,15,2024-08-09 10:49:00,1100.52
470,26,4,2024-04-22 20:56:00,1339.66
471,74,10,2024-04-29 21:57:00,499.09
472,8,1,2024-02-10 17:11:00,349.12
473,55,19,2024-03-22 05:26:00,865.95
474,145,14,2024-04-04 19:52:00,1321.55
475,109,15,2024-05-27 10:31:00,427.22
476,78,14,2025-07-15 16:43:00,425.78
477,10,8,2024-04-01 16:17:00,246.03
478,8,12,2024-11-09 10:42:00,331.86
479,131,9,2024-10-21 07:26:00,147.66
480,106,4,2025-09-02 06:21:00,1444.67
481,136,13,2024-02-02 23:18:00,792.29
482,19,8,2024-02-21 09:59:00,1009.05
483,32,19,2024-04-18 18:49:00,894.03
484,36,3,2024-11-17 17:49:00,951.4
485,121,16,2025-03-06 23:41:00,1264.99
486,45,9,2025-09-27 16:20:00,1224.9
487,82,11,2024-10-11 18:26:00,493.79
488,89,20,2024-09-26 10:18:00,905.61
489,49,3,2024-08-03 13:24:00,745.36
490,8,20,2025-07-03 11:57:00,1172.0
491,46,17,2024-11-18 12:28:00,526.67
492,124,12,2025-04-24 07:52:00,911.05
493,41,5,2024-06-25 10:18:00,410.21
494,120,16,2024-05-17 05:50:00,1126.34
495,105,10,2024-08-31 20:40:00,898.86
496,127,2,2025-03-27 21:49:00,711.5
497,133,3,2025-10-24 19:27:00,373.48
498,90,7,2025-10-17 14:41:00,1168.59
499,4,8,2025-11-16 12:46:00,585.51
500,26,2,2024-04-04 21:22:00,770.06
501,46,13,2025-08-10 20:22:00,989.9
502,47,4,2025-08-03 11:11:00,498.79
503,31,16,2025-01-25 19:10:00,784.55
504,150,14,2024-09-21 19:24:00,278.56
505,44,5,2024-10-04 14:43:00,1213.55
506,47,1,2025-03-11 12:53:00,953.77
507,109,5,2024-09-12 13:50:00,452.43
508,116,15,2025-02-22 20:08:00,1142.38
509,137,11,2025-09-30 18:06:00,1123.41
510,58,14,2024-08-23 16:38:00,838.99
511,113,11,2025-02-10 06:03:00,850.61
512,12,3,2024-08-28 09:52:00,138.61
513,144,1,2025-01-12 10:04:00,1453.5
514,20,16,2025-02-10 08:56:00,926.23
515,125,19,2025-07-08 09:04:00,655.78
516,20,16,2024-04-27 10:52:00,1381.93
517,146,11,2025-12-04 13:57:00,572.77
518,24,9,2025-12-25 19:11:00,301.92
519,137,12,2025-10-22 22:55:00,1326.64
520,36,14,2025-03-02 23:10:00,150.09
521,72,18,2024-05-20 19:31:00,1002.25
522,41,16,2025-05-06 19:47:00,1480.63
523,80,15,2024-09-10 18:02:00,871.76
524,121,17,2024-04-01 02:49:00,1268.06
525,105,1,2025-05-11 13:11:00,259.6
526,59,12,2024-10-29 18:53:00,754.23
527,105,19,2025-06-27 19:27:00,740.88
528,147,13,2025-02-22 12:01:00,1360.68
529,98,18,2025-01-05 09:32:00,1257.7
530,138,12,2025-06-30 21:28:00,855.54
531,105,4,2025-12-23 13:19:00,483.83
532,45,1,2024-07-15 20:46:00,891.54
533,42,15,2024-11-26 17:14:00,449.89
534,108,1,2024-02-06 22:21:00,126.82
535,12,18,2025-12-24 09:55:00,1143.56
536,8,20,2025-12-02 14:27:00,289.71
537,36,18,2024-02-27 14:18:00,1030.68
538,82,14,2025-05-07 10:42:00,1432.88
539,85,18,2025-10-05 11:13:00,519.1
540,31,15,2024-05-21 08:12:00,144.35
541,119,2,2025-01-02 11:12:00,1430.42
542,33,2,2024-05-04 12:02:00,657.61
543,110,15,2025-01-14 18:47:00,172.41
544,140,1,2025-04-18 17:43:00,456.67
545,33,9,2025-09-29 22:40:00,679.11
546,12,11,2025-08-18 06:35:00,868.89
547,52,2,2025-12-11 15:08:00,614.4
548,119,19,2024-09-14 06:47:00,1099.82
549,45,2,2024-12-22 11:30:00,1047.09
550,84,20,2025-11-24 20:30:00,685.7
551,52,16,2024-12-01 12:45:00,986.52
552,35,17,2025-03-25 08:17:00,1226.2
553,41,9,2025-05-06 19:54:00,522.15
554,40,2,2025-01-17 07:58:00,852.93
555,87,11,2025-02-01 18:54:00,601.94
556,136,14,2024-02-25 09:06:00,1449.65
557,150,4,2024-11-06 11:18:00,137.33
558,81,12,2025-05-04 09:28:00,811.05
559,81,9,2025-08-03 13:32:00,1251.52
560,51,13,2025-03-02 08:44:00,309.73
561,131,9,2024-08-19 13:07:00,151.95
562,149,20,2024-10-13 18:46:00,543.08
563,29,9,2025-08-15 16:57:00,1346.06
564,36,2,2025-01-19 20:44:00,1345.45
565,72,13,2024-07-20 02:50:00,1244.96
566,36,7,2024-11-29 18:56:00,252.03
567,37,1,2024-10-19 16:50:00,936.85
568,109,8,2025-04-17 12:23:00,633.25
569,106,5,2025-11-26 20:54:00,1467.35
570,21,4,2024-08-24 16:51:00,283.05
571,26,15,2024-11-02 14:41:00,1325.26
572,106,1,2024-04-30 20:44:00,1414.46
573,36,14,2025-01-01 09:40:00,125.21
574,143,13,2024-01-07 16:49:00,1371.36
575,36,13,2025-10-31 11:24:00,487.53
576,41,8,2025-10-01 13:08:00,327.43
577,41,13,2024-11-10 07:40:00,944.97
578,110,7,2025-12-25 13:58:00,1141.18
579,138,20,2025-04-12 12:15:00,283.4
580,150,1,2025-07-25 09:42:00,279.29
581,92,4,2025-08-21 17:02:00,1381.67
582,73,1,2024-12-28 15:27:00,1139.08
583,150,18,2025-02-22 16:40:00,943.8
584,83,10,2025-02-24 17:20:00,642.69
585,46,19,2025-03-14 07:24:00,667.37
586,92,20,2024-09-10 19:22:00,871.4
587,114,11,2025-03-21 22:21:00,698.68
588,114,7,2025-06-09 20:38:00,942.59
589,76,16,2025-08-29 17:21:00,256.83
590,124,5,2025-12-13 17:56:00,253.24
591,37,17,2025-10-10 19:35:00,1043.56
592,111,15,2024-03-25 15:17:00,213.22
593,16,4,2025-03-10 16:56:00,1266.08
594,106,11,2024-09-18 06:52:00,871.42
595,105,15,2024-12-02 03:54:00,786.45
596,118,1,2024-11-19 21:01:00,367.66
597,78,9,2025-05-01 21:31:00,703.81
598,21,7,2025-12-16 16:54:00,1045.14
599,77,13,2025-09-09 11:51:00,380.94
600,129,12,2024-02-09 17:38:00,418.12
601,146,9,2024-07-30 13:42:00,495.95
602,20,8,2024-08-14 06:09:00,764.8
603,79,19,2025-03-04 20:43:00,584.21
604,135,6,2024-10-14 10:14:00,464.93
605,136,4,2024-06-09 02:03:00,472.76
606,53,9,2025-08-25 22:20:00,1469.63
607,13,9,2024-01-25 18:00:00,804.48
608,49,17,2024-12-13 19:16:00,1313.56
609,75,11,2025-05-30 16:22:00,1172.49
610,54,10,2024-06-01 18:42:00,569.16
611,4,7,2025-05-18 15:22:00,183.79
612,126,13,2024-09-21 20:56:00,736.55
613,36,1,2025-03-08 13:37:00,975.4
614,49,4,2024-05-17 19:32:00,592.55
615,93,11,2024-02-10 03:30:00,1376.84
616,13,1,2024-09-02 13:55:00,283.67
617,128,13,2024-07-26 04:22:00,729.43
618,98,19,2024-12-01 21:09:00,711.05
619,145,17,2024-01-26 01:57:00,202.72
620,47,3,2024-05-05 18:11:00,336.68
621,126,14,2025-08-13 11:16:00,266.97
622,128,14,2024-09-05 12:40:00,1288.54
623,108,9,2025-05-16 23:13:00,1110.36
624,9,8,2024-06-26 08:55:00,437.66
625,134,7,2024-12-31 13:51:00,749.37
626,59,8,2024-04-11 19:39:00,1023.31
627,52,3,2025-10-03 23:21:00,1268.92
628,42,5,2025-05-03 04:08:00,1326.24
629,52,7,2025-03-01 17:01:00,1300.19
630,77,9,2024-06-21 20:29:00,790.42
631,33,7,2024-05-19 09:53:00,635.58
632,110,7,2024-10-26 07:05:00,914.72
633,62,13,2025-02-26 19:57:00,311.14
634,95,19,2025-03-25 12:09:00,639.4
635,34,2,2024-12-06 02:13:00,309.51
636,131,20,2024-07-28 16:45:00,1461.4
637,44,7,2024-06-03 16:38:00,1361.0
638,53,16,2024-07-10 16:16:00,1113.17
639,41,6,2024-02-06 19:20:00,300.52
640,46,3,2025-10-20 13:49:00,240.88
641,45,17,2025-01-05 21:00:00,1484.58
642,50,10,2024-11-12 05:30:00,1204.12
643,52,16,2025-02-19 14:15:00,686.78
644,41,1,2024-04-19 22:31:00,428.0
645,128,7,2024-09-24 17:40:00,494.42
646,135,18,2025-05-07 14:05:00,1495.66
647,11,15,2024-12-22 16:49:00,734.28
648,84,15,2025-03-12 19:52:00,673.96
649,99,19,2025-12-15 20:04:00,718.75
650,93,19,2025-03-26 13:56:00,868.84
651,47,11,2024-09-10 12:29:00,575.37
652,19,1,2025-02-08 11:28:00,501.82
653,103,8,2025-03-03 23:23:00,1389.03
654,111,14,2024-08-07 08:45:00,480.97
655,140,6,2024-02-13 18:03:00,278.75
656,9,7,2025-03-14 18:57:00,688.65
657,128,2,2024-01-04 10:47:00,577.8
658,11,17,2024-03-30 19:41:00,886.35
659,86,17,2024-11-09 19:09:00,673.99
660,98,16,2025-06-13 11:33:00,550.5
661,13,18,2024-01-09 13:04:00,292.71
662,130,5,2025-08-18 12:37:00,485.57
663,58,4,2025-04-29 12:56:00,198.58
664,150,17,2024-03-15 18:08:00,936.18
665,49,1,2025-07-11 20:18:00,1474.0
666,24,8,2024-06-18 13:09:00,1323.46
667,139,4,2024-06-28 03:49:00,501.14
668,61,20,2024-12-05 06:54:00,1221.36
669,93,15,2024-04-14 11:12:00,566.12
670,104,8,2025-08-23 20:58:00,639.34
671,106,1,2024-01-20 19:51:00,1106.78
672,24,14,2024-09-24 14:48:00,637.11
673,125,4,2024-02-11 19:08:00,1298.31
674,133,2,2024-09-11 18:04:00,917.92
675,51,16,2025-03-09 07:21:00,1237.94
676,58,11,2024-10-05 13:35:00,224.59
677,110,12,2025-10-10 12:04:00,1054.77
678,133,16,2024-03-06 04:22:00,580.26
679,4,5,2025-06-19 12:44:00,1026.17
680,44,18,2025-05-26 20:37:00,1399.46
681,18,17,2025-02-18 19:13:00,565.63
682,4,4,2025-10-19 09:00:00,769.42
683,126,8,2024-10-19 14:41:00,1121.95
684,11,2,2025-04-07 12:49:00,456.99
685,42,9,2024-01-14 16:58:00,957.18
686,150,10,2025-05-08 14:04:00,1296.75
687,116,19,2024-02-19 16:24:00,512.43
688,9,9,2025-09-15 19:29:00,214.36
689,23,14,2025-05-30 09:27:00,557.87
690,45,17,2025-04-14 14:24:00,336.17
691,35,18,2024-12-03 10:11:00,513.83
692,129,4,2025-08-15 18:53:00,507.93
693,53,3,2024-10-10 11:31:00,864.34
694,125,7,2025-12-10 22:29:00,323.03
695,47,20,2024-08-14 14:24:00,1092.25
696,10,16,2024-12-24 20:38:00,1221.56
697,75,16,2024-04-20 23:00:00,1381.51
698,115,8,2024-02-19 13:17:00,1344.59
699,52,12,2025-10-04 15:31:00,624.21
700,27,15,2025-11-29 13:19:00,1250.08
701,62,18,2024-07-11 11:39:00,1144.83
702,104,2,2025-08-04 16:52:00,273.68
703,147,4,2025-01-10 14:11:00,571.14
704,99,7,2025-10-20 13:05:00,1290.93
705,58,20,2024-12-18 18:06:00,308.1
706,47,16,2024-12-14 17:54:00,1440.12
707,5,7,2024-01-07 10:13:00,1436.3
708,18,20,2025-12-03 17:01:00,1307.42
709,100,2,2025-03-19 08:43:00,1085.09
710,52,15,2025-04-04 14:32:00,652.72
711,95,2,2024-07-10 21:45:00,731.86
712,133,15,2024-09-02 14:20:00,147.77
713,76,10,2025-04-01 23:44:00,875.81
714,133,6,2025-06-27 20:00:00,561.13
715,27,11,2024-08-14 16:42:00,127.92
716,72,18,2025-08-02 09:21:00,1321.71
717,43,2,2024-02-25 19:50:00,275.98
718,16,1,2024-12-08 05:07:00,1309.91
719,106,2,2025-01-30 10:28:00,1036.83
720,135,10,2024-02-19 14:17:00,507.48
721,25,1,2024-03-07 18:41:00,581.67
722,110,20,2024-07-21 13:01:00,966.17
723,114,3,2025-10-31 08:25:00,1142.99
724,91,1,2025-08-22 14:18:00,176.09
725,44,3,2024-07-12 17:03:00,1022.7
726,121,20,2024-12-27 17:48:00,980.11
727,55,15,2024-09-13 20:33:00,1249.53
728,90,12,2024-01-09 13:51:00,1138.47
729,49,3,2025-05-28 12:32:00,1080.86
730,41,15,2024-12-14 07:22:00,632.11
731,114,7,2025-03-05 17:07:00,1310.8
732,3,9,2025-09-24 15:48:00,1026.1
733,108,8,2025-12-15 04:59:00,730.49
734,44,18,2024-07-26 18:17:00,1121.2
735,7,1,2024-03-30 13:07:00,1408.8
736,10,9,2025-04-01 05:54:00,120.59
737,59,11,2025-10-28 13:26:00,590.88
738,49,4,2024-10-06 16:54:00,843.5
739,34,2,2025-08-17 01:18:00,156.08
740,4,7,2025-08-26 15:19:00,521.7
741,95,5,2025-11-24 18:53:00,123.16
742,97,7,2025-10-14 13:59:00,695.99
743,16,6,2025-12-18 09:58:00,1320.86
744,107,8,2025-08-22 18:07:00,1287.73
745,39,7,2025-11-12 18:23:00,770.85
746,110,8,2025-02-05 09:13:00,131.63
747,33,18,2024-03-08 23:58:00,801.02
748,63,15,2024-08-01 14:18:00,890.37
749,81,3,2024-03-12 10:51:00,206.84
750,38,7,2025-12-22 14:16:00,615.73
751,71,15,2024-02-18 19:07:00,884.69
752,21,15,2024-10-09 14:43:00,1006.99
753,34,3,2025-12-31 12:47:00,186.73
754,44,18,2025-09-12 04:51:00,1478.81
755,66,7,2025-05-24 19:09:00,616.92
756,118,14,2024-12-26 15:35:00,1082.09
757,58,17,2024-07-19 18:45:00,984.51
758,54,4,2024-05-23 19:05:00,1246.83
759,138,11,2024-07-21 11:18:00,634.51
760,59,1,2024-04-18 23:27:00,803.8
761,54,13,2025-02-04 16:35:00,971.25
762,131,15,2024-12-11 06:38:00,1138.69
763,118,2,2025-06-30 14:23:00,339.46
764,72,16,2024-12-11 12:44:00,408.71
765,86,5,2024-05-25 07:34:00,1084.72
766,32,11,2025-05-07 15:14:00,889.1
767,3,15,2025-09-10 18:44:00,594.16
768,72,8,2025-06-13 08:04:00,212.57
769,131,10,2024-04-15 14:38:00,933.41
770,40,10,2024-03-23 20:07:00,1064.51
771,147,14,2025-02-12 09:29:00,409.79
772,36,15,2025-08-18 16:40:00,652.28
773,110,10,2025-02-25 12:23:00,164.58
774,131,2,2025-04-06 16:02:00,567.97
775,133,8,2025-12-28 11:24:00,434.83
776,110,7,2024-09-23 10:09:00,986.95
777,11,16,2025-04-06 01:17:00,574.74
778,62,8,2024-04-15 07:17:00,372.94
779,140,18,2024-05-27 08:49:00,731.92
780,95,20,2025-06-25 01:04:00,1190.26
781,115,17,2025-11-07 18:26:00,247.6
782,110,17,2024-11-05 07:32:00,845.07
783,114,18,2025-01-02 14:27:00,995.54
784,125,5,2025-06-13 16:51:00,919.4
785,19,9,2025-09-09 06:09:00,760.27
786,51,9,2024-12-21 12:06:00,672.88
787,47,9,2025-02-19 20:50:00,271.45
788,50,5,2025-04-23 01:26:00,215.23
789,149,11,2024-10-28 18:48:00,303.94
790,70,16,2024-06-10 13:36:00,1108.49
791,145,8,2025-03-26 23:57:00,1035.46
792,95,15,2024-03-06 18:01:00,1250.17
793,125,12,2024-06-17 16:22:00,698.2
794,27,11,2025-10-16 19:23:00,1341.47
795,92,8,2024-08-01 17:20:00,1380.57
796,137,13,2024-02-02 16:07:00,980.99
797,133,14,2024-12-02 10:29:00,405.86
798,48,11,2024-04-19 15:32:00,1083.07
799,112,20,2024-02-09 06:43:00,189.72
800,125,13,2025-09-06 16:12:00,1156.07
801,116,13,2024-05-07 10:50:00,894.39
802,8,7,2024-03-15 13:04:00,921.99
803,142,15,2024-07-07 21:01:00,181.77
804,84,8,2025-05-30 17:14:00,890.76
805,86,16,2024-05-28 11:02:00,1228.43
806,66,8,2024-01-27 07:02:00,932.68
807,103,13,2024-10-16 17:30:00,221.71
808,103,13,2024-05-15 18:33:00,1140.66
809,3,20,2024-08-08 16:19:00,1272.78
810,101,1,2025-04-27 11:09:00,902.23
811,109,14,2024-09-04 08:53:00,429.82
812,25,16,2025-09-01 11:53:00,491.59
813,33,2,2025-07-16 18:07:00,758.69
814,135,20,2024-12-05 09:20:00,260.19
815,18,4,2024-01-13 16:24:00,1139.53
816,126,16,2025-10-25 17:32:00,469.78
817,65,17,2024-09-26 05:06:00,1048.17
818,62,19,2024-06-02 19:34:00,1437.94
819,51,6,2025-10-16 14:29:00,1326.19
820,80,13,2024-06-09 15:24:00,1100.46
821,74,8,2025-02-21 21:23:00,678.55
822,82,9,2025-04-13 12:07:00,1322.16
823,131,18,2025-03-18 13:50:00,637.48
824,91,14,2025-10-31 03:18:00,212.42
825,83,5,2025-10-14 09:35:00,1374.51
826,99,8,2024-05-29 10:02:00,485.15
827,125,16,2024-02-24 13:06:00,198.06
828,47,17,2024-09-23 12:30:00,1120.21
829,95,5,2024-11-05 21:56:00,1103.37
830,4,19,2025-04-18 03:34:00,302.89
831,41,1,2024-11-23 14:08:00,1344.79
832,136,16,2024-06-01 21:35:00,1000.45
833,50,18,2024-10-29 08:20:00,430.9
834,95,17,2024-03-11 15:09:00,863.77
835,10,11,2024-12-18 12:17:00,741.46
836,52,9,2025-11-20 17:48:00,307.49
837,24,6,2025-12-03 21:08:00,1246.05
838,2,11,2025-01-17 17:57:00,791.54
839,137,3,2025-02-01 19:18:00,551.38
840,59,13,2025-09-22 19:08:00,1194.93
841,119,18,2024-07-03 15:11:00,415.44
842,109,7,2024-11-21 12:51:00,126.46
843,74,7,2024-07-04 05:12:00,906.89
844,131,2,2025-05-01 20:50:00,972.63
845,34,13,2024-06-13 20:30:00,816.06
846,39,19,2024-05-24 04:46:00,1184.43
847,125,16,2024-12-27 19:06:00,844.91
848,124,14,2025-01-23 07:56:00,711.6
849,44,3,2024-12-23 19:28:00,1309.65
850,104,4,2024-04-08 18:45:00,1043.64
851,5,16,2024-11-01 11:01:00,962.82
852,99,10,2024-06-23 15:28:00,1369.08
853,94,4,2024-06-11 19:25:00,212.43
854,95,5,2024-01-13 20:42:00,807.04
855,86,7,2025-09-26 11:54:00,320.55
856,9,9,2024-02-07 11:30:00,485.64
857,121,11,2025-07-23 21:19:00,1330.71
858,144,3,2024-02-08 12:28:00,1125.96
859,35,10,2025-04-26 14:49:00,429.26
860,8,3,2025-10-23 12:15:00,711.78
861,67,18,2024-11-02 07:21:00,858.86
862,123,5,2024-10-15 13:02:00,1119.38
863,19,11,2025-02-09 17:11:00,1061.36
864,123,15,2025-04-01 11:09:00,1071.86
865,116,19,2025-05-31 09:59:00,419.38
866,58,12,2024-06-17 05:27:00,688.42
867,145,19,2025-04-28 09:36:00,365.95
868,20,20,2024-02-09 11:20:00,1333.08
869,98,11,2024-08-03 12:31:00,1285.96
870,86,20,2025-02-21 04:56:00,550.69
871,42,9,2025-03-05 20:40:00,135.05
872,130,15,2024-04-04 18:11:00,792.58
873,126,20,2024-03-08 18:34:00,1330.05
874,45,6,2024-12-10 14:38:00,1309.31
875,49,10,2025-02-24 12:42:00,1072.14
876,23,3,2025-01-15 12:18:00,501.64
877,126,20,2024-11-09 12:57:00,544.39
878,83,3,2025-05-06 04:13:00,1364.72
879,76,7,2024-07-23 18:48:00,353.97
880,32,8,2024-01-18 20:23:00,602.57
881,32,4,2024-05-15 19:12:00,1384.06
882,125,18,2025-09-03 16:19:00,773.63
883,77,14,2024-10-28 09:41:00,1481.48
884,41,1,2024-08-29 17:14:00,143.47
885,90,2,2024-04-25 07:56:00,339.86
886,136,17,2024-12-15 18:15:00,567.33
887,90,2,2025-02-02 14:33:00,1436.74
888,149,6,2024-04-01 12:23:00,1195.91
889,110,12,2025-08-31 22:21:00,1248.07
890,112,9,2024-06-24 11:28:00,1266.16
891,99,13,2025-12-09 12:00:00,518.03
892,144,7,2025-10-07 07:39:00,1292.53
893,96,14,2025-02-10 15:06:00,133.67
894,87,5,2025-11-07 16:59:00,774.2
895,129,17,2025-10-22 20:50:00,1214.06
896,44,9,2025-11-11 10:24:00,530.8
897,50,10,2025-07-27 18:53:00,192.4
898,8,14,2025-02-03 15:18:00,332.83
899,111,1,2025-01-21 19:04:00,808.57
900,118,13,2025-03-03 07:57:00,643.1
901,116,3,2024-05-14 12:28:00,1073.75
902,136,1,2024-12-15 14:22:00,1407.97
903,50,4,2025-05-29 20:34:00,1476.59
904,45,19,2025-04-26 17:44:00,254.33
905,150,9,2024-06-06 16:25:00,632.5
906,32,18,2024-07-29 16:49:00,616.6
907,38,13,2025-02-08 08:25:00,305.14
908,122,15,2025-02-16 15:04:00,995.29
909,104,14,2024-12-11 13:42:00,1107.27
910,95,6,2025-10-01 06:19:00,878.03
911,99,2,2025-08-22 19:39:00,199.1
912,59,20,2025-04-06 15:27:00,1311.47
913,147,8,2024-12-17 16:58:00,1131.0
914,3,6,2024-06-20 18:23:00,686.67
915,49,18,2025-05-19 14:53:00,312.36
916,82,7,2024-04-08 16:17:00,436.11
917,140,20,2024-08-15 16:43:00,741.45
918,33,1,2025-11-19 19:37:00,750.88
919,51,5,2025-01-17 19:41:00,164.34
920,33,12,2024-01-23 19:24:00,976.7
921,50,5,2024-09-20 13:47:00,504.18
922,106,5,2024-09-05 15:00:00,1488.83
923,140,15,2024-12-14 23:31:00,1223.28
924,127,5,2025-11-15 15:00:00,1498.72
925,145,19,2025-12-07 09:36:00,707.79
926,93,16,2025-03-11 14:25:00,191.71
927,45,4,2024-05-28 08:52:00,825.17
928,7,5,2024-10-03 21:55:00,316.52
929,31,12,2025-07-05 15:37:00,981.58
930,100,17,2025-11-16 19:22:00,1359.69
931,109,4,2024-01-04 12:56:00,146.85
932,56,4,2024-12-30 17:53:00,694.88
933,109,12,2024-10-12 00:01:00,256.34
934,67,18,2024-07-19 21:06:00,506.55
935,107,10,2025-09-03 19:12:00,1048.3
936,26,5,2025-05-10 13:03:00,1319.92
937,107,14,2024-04-03 14:23:00,282.38
938,133,7,2025-03-11 12:23:00,341.93
939,105,13,2024-12-29 17:41:00,647.1
940,26,11,2024-06-10 13:14:00,675.13
941,136,11,2024-12-20 18:31:00,1027.0
942,122,4,2025-02-24 14:43:00,482.43
943,19,7,2025-06-24 21:22:00,1456.53
944,86,13,2025-01-20 19:37:00,1206.21
945,60,16,2025-08-24 15:46:00,632.25
946,131,18,2024-11-07 20:35:00,927.91
947,74,17,2024-02-09 21:24:00,276.2
948,113,16,2024-12-14 17:59:00,1137.57
949,99,6,2025-02-06 13:20:00,810.3
950,55,20,2025-02-03 21:52:00,910.13
951,33,17,2024-06-10 11:26:00,1301.44
952,84,13,2024-01-03 13:04:00,1252.78
953,34,19,2025-07-04 10:28:00,1019.34
954,17,19,2024-11-08 08:21:00,1010.72
955,35,4,2024-01-10 17:14:00,457.13
956,117,5,2024-03-07 22:02:00,1207.76
957,53,13,2025-08-18 10:52:00,449.28
958,89,2,2025-07-27 21:30:00,130.5
959,19,12,2024-12-25 20:03:00,559.05
960,9,10,2024-01-06 14:16:00,206.94
961,47,20,2024-08-11 02:54:00,381.49
962,44,3,2025-04-03 11:14:00,1434.38
963,67,15,2025-12-12 13:19:00,1114.65
964,30,13,2024-09-21 11:17:00,443.46
965,5,6,2025-03-31 12:26:00,1320.99
966,122,19,2024-11-23 12:17:00,1252.8
967,14,7,2024-11-12 09:44:00,568.23
968,93,18,2024-02-15 07:40:00,985.62
969,109,6,2025-05-20 17:42:00,1443.54
970,44,11,2025-01-22 13:42:00,1444.48
971,33,1,2024-01-25 13:04:00,467.4
972,146,6,2025-11-24 13:48:00,141.11
973,7,16,2025-10-06 09:29:00,1025.08
974,116,1,2025-06-24 17:23:00,346.66
975,4,20,2025-10-15 18:51:00,1028.12
976,135,17,2025-02-28 19:52:00,950.51
977,84,3,2024-12-14 11:38:00,642.3
978,4,2,2024-12-12 08:09:00,861.51
979,40,20,2025-10-13 15:02:00,860.4
980,14,11,2025-01-14 12:14:00,1077.37
981,105,20,2024-08-02 13:33:00,1416.01
982,128,20,2024-01-22 12:02:00,627.54
983,5,8,2025-11-29 16:08:00,694.69
984,118,15,2024-11-23 08:56:00,1162.64
985,41,4,2025-12-21 16:21:00,789.65
986,2,11,2024-09-05 12:55:00,230.1
987,31,3,2025-05-05 12:38:00,120.41
988,75,7,2025-01-29 10:20:00,1167.06
989,28,15,2025-09-23 20:49:00,1194.52
990,150,12,2025-08-13 15:40:00,273.08
991,47,3,2024-03-15 11:14:00,1260.72
992,13,18,2025-01-16 19:09:00,829.67
993,47,13,2025-03-13 08:04:00,863.57
994,49,17,2025-08-03 17:29:00,636.54
995,26,1,2024-02-19 11:41:00,1139.68
996,16,13,2024-01-12 19:14:00,179.73
997,17,3,2025-10-03 10:48:00,1319.81
998,16,20,2024-11-07 18:28:00,902.66
999,72,18,2024-09-15 21:49:00,
1000,83,20,2025-12-09 12:07:00,1403.46
1001,63,12,2025-11-17 19:05:00,1302.24
1002,62,13,2024-10-31 17:02:00,1130.72
1003,95,13,2024-02-18 18:44:00,778.67
1004,137,8,2025-03-29 22:26:00,1326.17
1005,31,19,2025-05-30 15:05:00,875.38
1006,127,1,2025-07-20 11:44:00,427.06
1007,140,13,2024-01-27 13:04:00,687.72
1008,129,10,2025-09-19 16:27:00,1332.72
1009,141,15,2024-12-23 17:57:00,1204.61
1010,120,5,2025-06-18 13:52:00,1016.13
1011,124,3,2024-03-06 12:00:00,266.29
1012,74,15,2024-11-25 07:58:00,1310.32
1013,106,4,2024-03-17 14:58:00,947.09
1014,75,17,2024-12-21 20:54:00,749.99
1015,68,7,2024-01-08 21:40:00,621.79
1016,120,6,2024-09-11 03:40:00,1417.03
1017,136,9,2024-06-28 17:09:00,645.05
1018,100,2,2024-09-10 11:29:00,730.35
1019,92,10,2025-08-16 13:54:00,582.57
1020,122,8,2024-12-28 19:59:00,1387.43
1021,79,7,2024-08-25 21:10:00,236.61
1022,1,3,2025-08-10 13:36:00,1104.86
1023,23,3,2025-03-25 12:38:00,1075.62
1024,115,10,2024-05-25 16:27:00,1346.9
1025,59,6,2025-01-12 21:47:00,642.94
1026,51,6,2025-01-27 13:03:00,1175.76
1027,52,11,2025-07-07 22:30:00,1499.22
1028,19,6,2025-01-30 22:15:00,1480.66
1029,137,2,2025-05-05 12:58:00,951.89
1030,110,5,2025-03-12 12:34:00,1293.33
1031,72,8,2025-08-25 07:14:00,215.04
1032,23,10,2024-05-10 16:13:00,819.43
1033,9,14,2024-04-01 18:23:00,310.8
1034,29,16,2025-10-09 13:07:00,982.31
1035,89,14,2024-05-27 11:53:00,1286.08
1036,90,15,2025-12-06 22:37:00,475.29
1037,104,4,2024-09-10 09:03:00,1432.05
1038,13,12,2025-09-23 21:32:00,390.73
1039,21,19,2025-03-21 11:44:00,1258.68
1040,76,1,2024-02-10 10:31:00,1367.0
1041,117,10,2024-02-15 15:16:00,1002.11
1042,38,11,2024-06-03 18:15:00,610.04
1043,20,8,2025-10-04 18:19:00,121.31
1044,24,12,2025-12-01 12:08:00,1144.11
1045,58,15,2024-04-28 08:18:00,277.63
1046,90,20,2024-12-16 11:00:00,850.75
1047,126,15,2024-04-10 08:46:00,980.91
1048,114,9,2025-11-06 16:47:00,1147.03
1049,147,1,2025-12-14 23:33:00,251.3
1050,82,6,2024-02-05 21:36:00,244.52
1051,18,2,2024-08-15 11:38:00,368.61
1052,44,11,2024-02-03 14:37:00,498.76
1053,56,13,2025-04-12 12:28:00,1433.44
1054,9,15,2025-04-28 19:33:00,438.69
1055,140,14,2025-06-07 17:30:00,982.3
1056,8,15,2024-01-08 17:10:00,1217.56
1057,37,10,2025-12-30 14:45:00,798.56
1058,115,6,2024-03-06 12:51:00,1435.27
1059,86,6,2024-08-31 06:14:00,1331.6
1060,38,12,2025-01-02 10:59:00,231.92
1061,62,5,2025-05-15 09:54:00,1261.63
1062,147,1,2025-01-12 15:27:00,1356.46
1063,89,18,2025-01-10 12:24:00,798.91
1064,28,9,2024-12-08 12:42:00,1008.35
1065,65,20,2024-09-12 08:43:00,594.6
1066,99,15,2024-05-04 04:26:00,333.07
1067,47,6,2024-06-11 17:59:00,665.07
1068,84,8,2024-09-27 18:01:00,370.1
1069,102,14,2025-04-06 13:11:00,994.1
1070,31,18,2025-09-10 18:19:00,852.08
1071,24,9,2024-03-05 11:47:00,1256.95
1072,53,7,2024-09-03 17:47:00,1292.04
1073,105,12,2024-10-13 19:58:00,395.19
1074,81,14,2024-09-21 10:19:00,1375.0
1075,44,19,2025-12-11 09:16:00,1344.18
1076,25,11,2024-10-24 19:55:00,1306.22
1077,147,10,2024-09-14 09:14:00,754.99
1078,78,17,2024-05-04 18:11:00,1249.46
1079,55,4,2025-08-11 19:43:00,957.37
1080,52,13,2024-02-06 19:30:00,1088.82
1081,92,14,2025-09-13 17:43:00,756.62
1082,109,12,2024-04-20 10:35:00,932.3
1083,26,12,2025-12-10 17:30:00,888.64
1084,74,11,2024-05-26 18:21:00,1008.09
1085,9,4,2025-07-17 17:25:00,996.7
1086,90,5,2025-02-06 20:10:00,652.65
1087,96,16,2024-02-07 21:44:00,597.92
1088,83,4,2024-11-05 20:42:00,1138.76
1089,126,5,2025-04-03 10:02:00,398.15
1090,35,20,2025-05-13 13:05:00,903.01
1091,13,16,2024-10-19 17:29:00,908.97
1092,63,2,2025-09-08 14:04:00,639.81
1093,21,16,2025-11-01 07:26:00,1391.14
1094,37,4,2024-05-04 12:13:00,1004.65
1095,137,4,2025-11-28 11:08:00,739.69
1096,133,3,2025-10-17 18:09:00,807.91
1097,31,3,2024-03-24 11:00:00,973.01
1098,8,17,2024-12-11 13:36:00,1140.6
1099,133,14,2024-11-07 11:08:00,846.0
1100,118,11,2024-12-06 15:58:00,1015.99
1101,24,3,2024-08-31 04:17:00,1299.36
1102,6,4,2025-10-31 19:54:00,485.76
1103,34,16,2024-01-02 23:44:00,305.39
1104,47,5,2024-06-12 08:41:00,832.09
1105,119,9,2025-09-06 16:33:00,387.35
1106,51,7,2024-08-07 19:33:00,1371.8
1107,18,18,2024-02-11 11:05:00,756.11
1108,135,5,2024-12-26 21:37:00,1145.28
1109,141,5,2024-04-27 11:52:00,769.45
1110,83,14,2025-11-09 20:05:00,447.6
1111,47,20,2024-05-26 07:01:00,258.1
1112,104,11,2024-12-03 10:56:00,851.65
1113,26,16,2024-05-02 10:50:00,1324.18
1114,119,7,2024-06-30 18:04:00,525.1
1115,64,14,2025-07-16 17:29:00,448.8
1116,140,4,2025-06-13 16:37:00,792.22
1117,81,1,2025-09-20 06:30:00,793.2
1118,36,8,2024-05-26 20:28:00,957.78
1119,118,17,2025-03-09 13:15:00,265.27
1120,30,15,2024-08-09 18:23:00,540.32
1121,34,3,2025-11-27 18:13:00,381.14
1122,26,19,2024-08-19 17:12:00,311.44
1123,13,18,2024-07-29 12:09:00,120.21
1124,105,4,2024-07-28 19:10:00,1208.04
1125,11,1,2025-02-26 16:34:00,324.64
1126,8,17,2024-08-27 16:24:00,1057.64
1127,136,13,2025-07-10 11:03:00,1177.1
1128,8,8,2024-02-02 16:41:00,1293.09
1129,110,13,2024-12-31 20:16:00,1180.33
1130,18,6,2025-03-18 19:37:00,137.18
1131,23,13,2025-06-16 14:49:00,893.72
1132,142,3,2025-11-18 17:09:00,950.36
1133,138,16,2025-08-28 21:28:00,647.87
1134,34,2,2025-05-03 14:27:00,854.27
1135,98,7,2025-08-20 00:33:00,1420.14
1136,105,10,2024-03-18 19:37:00,929.08
1137,136,18,2024-11-13 19:10:00,294.24
1138,59,11,2025-01-02 11:03:00,1128.63
1139,122,4,2025-12-03 05:47:00,430.29
1140,133,4,2025-03-08 13:09:00,356.26
1141,59,8,2025-05-30 18:52:00,215.96
1142,69,11,2024-06-19 12:29:00,544.76
1143,135,12,2025-02-12 09:18:00,273.54
1144,8,18,2025-04-16 05:54:00,1467.47
1145,106,7,2024-12-31 14:37:00,739.97
1146,115,14,2024-11-16 14:16:00,1490.88
1147,29,16,2025-11-25 04:55:00,124.52
1148,132,13,2025-11-16 18:59:00,1425.46
1149,125,8,2024-01-02 20:20:00,1230.92
1150,90,7,2024-04-28 16:56:00,1106.31
1151,56,16,2024-04-02 13:06:00,930.16
1152,51,15,2025-01-12 12:55:00,1395.29
1153,83,4,2025-12-20 21:03:00,1033.06
1154,64,5,2025-12-02 17:29:00,947.56
1155,146,3,2025-11-29 12:31:00,1365.17
1156,107,17,2025-01-14 19:27:00,276.89
1157,108,9,2025-10-12 21:17:00,724.13
1158,99,2,2024-08-29 19:07:00,859.7
1159,24,10,2024-09-08 04:16:00,584.03
1160,115,16,2024-07-18 15:56:00,1127.71
1161,83,14,2025-05-25 20:42:00,678.76
1162,121,4,2025-12-08 16:54:00,1076.67
1163,49,3,2025-02-18 10:04:00,126.15
1164,147,15,2024-12-15 12:07:00,527.21
1165,124,9,2025-11-03 17:37:00,905.96
1166,111,11,2024-01-01 17:22:00,201.55
1167,53,11,2024-11-19 16:08:00,1157.7
1168,35,3,2025-02-09 19:44:00,709.65
1169,89,5,2024-02-10 12:47:00,716.42
1170,99,19,2024-10-21 13:10:00,356.44
1171,5,4,2024-07-26 10:08:00,741.9
1172,131,20,2024-11-05 22:50:00,1043.24
1173,110,14,2025-04-15 17:47:00,1354.32
1174,32,3,2025-03-26 14:25:00,950.34
1175,108,1,2024-06-20 18:23:00,824.67
1176,125,18,2024-10-30 03:11:00,985.8
1177,3,11,2024-01-29 15:38:00,381.26
1178,126,13,2025-09-25 06:32:00,536.29
1179,106,19,2024-01-20 12:12:00,219.05
1180,111,4,2025-05-14 14:53:00,136.5
1181,37,6,2025-11-11 21:19:00,810.41
1182,133,3,2024-06-29 04:22:00,463.41
1183,47,8,2024-10-02 11:14:00,908.29
1184,9,20,2024-09-24 13:22:00,1053.16
1185,119,11,2024-04-22 11:24:00,906.0
1186,119,11,2024-01-05 16:24:00,1153.3
1187,86,2,2025-03-18 21:00:00,479.55
1188,99,5,2024-05-04 14:04:00,707.12
1189,48,1,2024-08-02 10:52:00,508.49
1190,112,20,2025-11-01 11:22:00,1110.41
1191,89,12,2024-12-03 09:47:00,390.92
1192,40,7,2024-05-08 17:33:00,254.98
1193,9,15,2025-08-01 21:42:00,442.0
1194,110,15,2024-05-08 10:14:00,453.42
1195,21,16,2024-09-22 17:57:00,906.81
1196,34,13,2024-09-14 15:20:00,328.98
1197,75,1,2024-10-14 05:19:00,543.05
1198,10,6,2024-05-12 14:41:00,403.73
1199,31,14,2025-12-31 19:12:00,796.97
1200,110,8,2025-05-01 07:54:00,767.97
1201,87,10,2024-04-14 13:27:00,772.7
1202,31,19,2024-04-08 12:04:00,222.41
1203,17,20,2024-10-20 12:59:00,704.37
1204,29,14,2024-01-05 09:59:00,584.39
1205,144,1,2024-02-21 11:34:00,155.62
1206,52,4,2025-12-19 00:54:00,1206.38
1207,52,3,2025-06-24 19:44:00,765.8
1208,59,14,2024-06-10 16:47:00,1105.75
1209,74,2,2024-12-27 18:49:00,1291.75
1210,119,10,2024-08-31 18:06:00,870.81
1211,32,16,2024-12-08 12:11:00,1166.56
1212,34,11,2024-07-15 15:48:00,180.77
1213,5,11,2025-09-06 12:37:00,1442.16
1214,67,9,2024-06-09 16:25:00,547.69
1215,28,8,2025-01-16 08:38:00,1086.2
1216,128,1,2025-01-17 21:57:00,917.27
1217,110,8,2025-04-15 18:37:00,1007.23
1218,1,8,2025-10-31 09:02:00,1238.15
1219,55,8,2025-08-17 12:43:00,1338.88
1220,133,4,2024-01-20 21:51:00,1086.84
1221,41,20,2025-12-31 10:59:00,1492.7
1222,100,15,2024-08-08 14:28:00,812.09
1223,52,16,2025-04-03 12:08:00,1378.39
1224,47,2,2025-01-16 12:53:00,162.74
1225,117,11,2025-05-17 13:01:00,1498.21
1226,117,19,2024-07-24 19:52:00,773.24
1227,128,7,2025-08-02 12:12:00,720.74
1228,102,7,2025-12-17 19:14:00,354.58
1229,55,20,2025-10-12 11:41:00,1314.77
1230,31,4,2025-10-18 13:41:00,172.64
1231,137,16,2025-05-26 13:36:00,679.21
1232,131,3,2024-10-30 16:27:00,1304.82
1233,118,9,2024-08-29 04:02:00,736.18
1234,110,11,2024-11-08 15:56:00,1218.86
1235,105,18,2024-10-30 16:30:00,1141.69
1236,7,1,2024-12-22 12:03:00,888.0
1237,125,19,2025-05-19 12:01:00,374.66
1238,31,15,2025-11-15 19:22:00,222.35
1239,81,17,2024-12-30 12:45:00,847.91
1240,66,10,2024-09-22 19:51:00,1029.21
1241,36,16,2025-10-02 21:27:00,379.93
1242,140,17,2024-07-02 00:31:00,198.42
1243,112,9,2025-10-18 19:43:00,422.2
1244,131,19,2024-05-21 19:00:00,1037.84
1245,52,18,2024-04-10 15:29:00,1475.11
1246,52,1,2024-04-21 08:15:00,279.94
1247,37,19,2025-03-07 18:18:00,1458.32
1248,52,9,2024-11-25 20:28:00,349.93
1249,16,1,2025-06-10 18:28:00,325.11
1250,105,4,2024-11-11 19:21:00,425.4
1251,62,13,2024-10-20 11:41:00,1341.82
1252,115,10,2025-06-24 18:34:00,345.64
1253,109,10,2024-12-26 19:07:00,615.68
1254,150,11,2025-08-14 14:00:00,886.3
1255,150,5,2025-04-05 12:24:00,1093.26
1256,79,20,2025-12-20 18:55:00,361.74
1257,90,2,2024-10-04 23:24:00,1145.2
1258,81,20,2025-02-18 17:48:00,888.86
1259,5,12,2025-09-09 10:56:00,1042.18
1260,105,5,2025-10-01 07:48:00,562.71
1261,5,17,2024-04-11 14:40:00,313.83
1262,150,17,2025-03-02 11:53:00,1476.84
1263,106,6,2024-01-06 10:16:00,692.42
1264,22,15,2025-03-15 16:15:00,265.65
1265,122,16,2025-08-23 22:20:00,1307.66
1266,44,18,2024-03-21 17:23:00,1181.75
1267,54,18,2025-02-08 13:36:00,278.34
1268,16,19,2025-08-18 22:00:00,540.99
1269,40,11,2025-07-01 13:08:00,1094.12
1270,133,19,2025-10-26 16:48:00,142.54
1271,131,13,2024-04-05 11:05:00,954.44
1272,145,15,2025-02-12 02:44:00,1463.03
1273,116,7,2025-08-06 15:34:00,929.73
1274,133,13,2024-10-01 20:34:00,1149.66
1275,101,2,2025-01-26 08:27:00,311.15
1276,10,11,2025-12-12 08:29:00,975.29
1277,59,16,2025-01-25 21:41:00,207.75
1278,31,3,2024-09-24 13:46:00,211.45
1279,122,15,2024-11-14 16:53:00,359.52
1280,95,8,2024-04-22 15:35:00,1335.47
1281,140,20,2024-03-29 17:20:00,135.99
1282,19,4,2025-05-14 03:01:00,1129.11
1283,147,18,2024-06-16 13:42:00,799.07
1284,128,20,2024-02-10 17:48:00,1412.35
1285,88,16,2025-11-08 13:08:00,1294.91
1286,42,5,2025-03-05 17:17:00,1077.54
1287,8,20,2024-08-26 13:40:00,480.66
1288,133,10,2024-11-01 21:50:00,585.56
1289,59,11,2024-06-13 05:43:00,484.43
1290,140,4,2024-10-17 19:33:00,454.14
1291,74,4,2024-06-30 20:21:00,843.68
1292,50,18,2024-09-04 11:23:00,1424.2
1293,95,9,2025-02-26 16:06:00,732.6
1294,90,15,2025-04-10 17:57:00,392.43
1295,128,11,2025-06-23 12:52:00,363.84
1296,91,7,2024-03-18 12:34:00,1067.19
1297,135,6,2025-07-22 06:43:00,880.04
1298,83,19,2024-11-18 17:49:00,1462.64
1299,123,4,2025-05-26 14:02:00,1490.74
1300,133,7,2024-11-05 10:09:00,566.84
1301,146,7,2024-06-30 18:18:00,1286.48
1302,56,19,2024-09-17 12:46:00,1205.45
1303,52,17,2024-11-12 16:07:00,1043.86
1304,16,2,2024-02-18 18:52:00,1341.84
1305,94,19,2024-02-24 13:37:00,1444.51
1306,140,6,2025-03-08 03:18:00,556.34
1307,31,8,2025-06-04 16:48:00,839.84
1308,141,13,2024-09-12 11:54:00,1307.34
1309,30,15,2025-07-01 18:44:00,901.21
1310,102,5,2025-08-22 20:56:00,1217.03
1311,90,1,2025-05-12 12:56:00,931.06
1312,33,1,2025-12-17 14:57:00,183.59
1313,104,19,2025-11-25 23:19:00,1176.2
1314,11,6,2025-12-05 08:50:00,546.61
1315,53,5,2025-08-10 18:36:00,1244.33
1316,8,7,2025-07-30 12:13:00,744.36
1317,126,6,2024-07-27 00:11:00,701.13
1318,77,3,2024-07-02 17:01:00,443.49
1319,133,15,2024-03-23 18:53:00,226.62
1320,47,4,2024-05-28 16:38:00,500.69
1321,133,18,2025-08-02 07:38:00,943.25
1322,21,7,2025-05-02 10:40:00,1456.26
1323,58,17,2024-06-22 21:49:00,1156.89
1324,59,2,2025-10-03 12:23:00,288.59
1325,110,13,2025-05-18 16:41:00,448.45
1326,106,8,2024-02-18 19:20:00,567.41
1327,41,15,2025-04-17 15:53:00,368.62
1328,47,13,2024-09-21 18:26:00,913.77
1329,116,12,2024-12-29 19:21:00,1104.14
1330,20,18,2024-10-30 20:23:00,649.42
1331,61,10,2024-12-04 15:40:00,675.43
1332,59,13,2025-04-14 20:49:00,364.85
1333,95,2,2024-10-08 19:30:00,1452.28
1334,109,4,2025-12-31 11:01:00,289.56
1335,80,2,2025-06-07 11:21:00,975.91
1336,99,20,2024-05-01 14:45:00,1040.96
1337,55,7,2025-02-27 06:41:00,1102.78
1338,104,16,2025-08-26 18:50:00,1092.84
1339,52,8,2024-10-13 11:56:00,841.22
1340,77,7,2025-06-28 12:51:00,1129.33
1341,147,6,2024-08-06 16:16:00,904.27
1342,41,13,2025-07-20 10:39:00,1381.95
1343,85,8,2025-12-20 17:02:00,1455.43
1344,16,11,2024-01-15 20:34:00,1028.84
1345,105,2,2024-03-30 13:54:00,775.99
1346,93,7,2025-05-20 05:58:00,830.35
1347,123,6,2024-06-03 17:14:00,1119.25
1348,88,18,2025-12-23 18:41:00,141.73
1349,91,15,2025-10-04 10:04:00,539.0
1350,49,2,2025-11-18 18:23:00,576.12
1351,125,11,2024-02-10 15:57:00,773.29
1352,86,17,2024-09-21 09:37:00,1273.09
1353,86,10,2025-11-21 12:49:00,1027.1
1354,146,20,2025-06-09 11:19:00,915.41
1355,5,10,2025-08-29 22:35:00,843.28
1356,61,6,2025-11-06 20:11:00,713.63
1357,131,20,2024-07-30 17:21:00,407.28
1358,145,19,2024-09-11 19:42:00,1148.82
1359,44,5,2025-04-23 18:43:00,448.87
1360,75,19,2025-12-29 02:19:00,527.78
1361,6,14,2024-10-03 18:44:00,1267.2
1362,127,2,2024-03-30 15:33:00,1003.69
1363,126,14,2024-06-13 01:52:00,449.56
1364,50,11,2025-04-04 13:28:00,1139.41
1365,147,2,2025-01-06 08:03:00,1017.57
1366,86,8,2025-07-05 17:37:00,1436.92
1367,67,12,2025-08-16 11:41:00,1458.73
1368,37,3,2024-09-21 17:00:00,869.52
1369,57,5,2024-06-26 16:52:00,271.51
1370,36,16,2025-03-07 16:11:00,541.19
1371,105,9,2025-04-13 19:17:00,505.12
1372,32,8,2024-09-25 15:34:00,686.64
1373,46,5,2024-11-30 11:15:00,363.71
1374,4,5,2024-07-02 18:12:00,1339.88
1375,42,16,2024-11-18 19:07:00,1398.46
1376,25,4,2025-01-03 18:31:00,214.03
1377,34,7,2025-04-22 03:27:00,399.52
1378,44,4,2025-04-19 18:49:00,672.23
1379,82,15,2025-06-02 14:41:00,1283.74
1380,8,7,2024-06-02 14:47:00,1282.48
1381,19,15,2025-04-07 00:53:00,443.1
1382,24,16,2024-04-29 08:23:00,1306.15
1383,95,20,2025-07-18 08:12:00,1430.5
1384,136,2,2024-11-29 17:23:00,1196.84
1385,135,8,2025-07-02 11:48:00,1152.9
1386,35,15,2025-08-23 19:46:00,849.66
1387,116,9,2024-10-29 23:03:00,1435.0
1388,19,18,2025-12-30 14:54:00,1146.88
1389,74,10,2025-09-07 19:28:00,377.59
1390,69,12,2024-12-01 12:11:00,668.22
1391,74,9,2025-08-12 00:47:00,461.26
1392,83,8,2025-11-03 16:45:00,1402.58
1393,126,17,2024-11-10 19:38:00,642.4
1394,109,16,2024-10-23 18:50:00,276.72
1395,125,16,2024-01-06 10:59:00,159.48
1396,16,14,2025-11-30 12:12:00,1493.54
1397,125,12,2024-10-25 19:32:00,609.39
1398,23,3,2024-03-20 14:21:00,778.79
1399,3,7,2025-01-08 17:26:00,982.58
1400,47,5,2025-02-02 15:48:00,448.66
1401,81,2,2024-08-17 19:35:00,1100.94
1402,145,17,2024-06-24 22:47:00,577.14
1403,24,15,2025-08-09 11:39:00,176.67
1404,90,19,2024-02-17 10:10:00,1223.5
1405,86,15,2025-02-07 19:24:00,426.19
1406,82,18,2024-01-22 16:26:00,1053.42
1407,147,17,2024-05-17 18:14:00,967.76
1408,47,17,2024-08-03 18:49:00,448.64
1409,34,4,2025-07-16 23:21:00,1412.1
1410,77,4,2024-11-13 20:27:00,146.19
1411,106,2,2025-12-04 22:00:00,1284.22
1412,41,19,2025-08-22 10:42:00,1079.05
1413,29,9,2024-11-27 11:55:00,330.9
1414,135,9,2025-07-10 20:43:00,1498.66
1415,59,1,2025-09-19 02:05:00,1480.83
1416,114,7,2025-04-10 12:54:00,1243.72
1417,105,20,2024-12-30 07:43:00,159.3
1418,150,9,2025-07-19 04:23:00,889.5
1419,134,8,2025-08-09 20:34:00,1165.64
1420,126,10,2024-06-21 11:52:00,801.59
1421,33,1,2025-05-27 12:23:00,1330.17
1422,115,2,2025-01-12 11:21:00,800.87
1423,150,3,2025-10-21 03:02:00,123.3
1424,136,13,2025-03-13 19:33:00,630.81
1425,134,19,2024-09-21 08:22:00,524.09
1426,31,9,2025-06-28 17:21:00,1289.87
1427,22,16,2024-07-25 19:46:00,174.46
1428,80,7,2024-03-26 18:41:00,225.17
1429,106,1,2025-06-08 18:57:00,961.69
1430,150,2,2025-06-23 10:32:00,482.31
1431,19,9,2025-11-27 22:32:00,200.78
1432,49,7,2025-08-11 08:09:00,1193.11
1433,5,11,2025-02-26 11:59:00,836.97
1434,103,9,2025-04-01 11:37:00,1458.78
1435,15,14,2025-03-25 17:46:00,1091.68
1436,2,11,2025-06-08 14:59:00,1260.17
1437,41,8,2024-01-13 11:08:00,162.07
1438,30,5,2025-02-16 21:18:00,781.44
1439,112,4,2024-02-21 09:51:00,1068.37
1440,150,2,2024-05-09 09:40:00,723.5
1441,46,1,2024-03-30 20:21:00,469.78
1442,16,7,2025-03-02 12:35:00,870.15
1443,7,3,2025-09-17 12:52:00,453.31
1444,42,9,2024-01-08 18:42:00,349.95
1445,57,13,2024-09-09 21:56:00,1171.95
1446,41,17,2024-12-26 03:56:00,1363.57
1447,125,3,2025-11-30 14:49:00,683.72
1448,66,16,2024-09-25 04:34:00,1041.41
1449,110,6,2024-02-06 17:03:00,583.13
1450,26,12,2024-10-31 06:18:00,1254.09
1451,75,7,2025-03-28 15:45:00,281.8
1452,68,5,2025-01-20 19:51:00,219.23
1453,140,3,2025-05-06 15:43:00,727.57
1454,125,8,2024-02-24 11:00:00,1237.62
1455,5,6,2025-06-14 18:19:00,1403.69
1456,133,3,2025-10-18 18:35:00,262.69
1457,64,3,2025-08-11 21:44:00,935.32
1458,52,18,2025-04-01 13:56:00,897.21
1459,105,9,2025-02-08 09:27:00,894.13
1460,57,17,2025-10-07 19:22:00,1221.41
1461,148,3,2025-09-08 04:48:00,966.6
1462,80,8,2024-11-24 18:18:00,1222.15
1463,139,19,2024-01-04 17:00:00,1224.79
1464,133,8,2025-11-20 08:05:00,717.16
1465,62,20,2024-12-25 11:47:00,826.87
1466,52,5,2025-04-04 19:42:00,1022.76
1467,36,15,2025-04-23 19:03:00,609.67
1468,107,19,2024-11-27 18:11:00,1367.43
1469,87,4,2025-06-18 14:30:00,1449.57
1470,140,19,2024-04-22 22:37:00,689.31
1471,89,4,2025-02-11 18:28:00,1113.27
1472,147,3,2025-05-16 14:01:00,1479.8
1473,10,8,2024-04-19 18:51:00,521.85
1474,10,20,2025-05-23 16:21:00,1370.83
1475,145,10,2024-08-16 10:09:00,1263.94
1476,125,4,2024-05-24 14:19:00,944.76
1477,41,11,2024-08-16 06:25:00,1438.39
1478,13,8,2024-06-22 19:21:00,377.83
1479,125,8,2024-05-18 18:54:00,1419.39
1480,124,10,2025-02-17 16:47:00,293.14
1481,129,9,2025-06-24 11:20:00,1463.45
1482,86,4,2025-07-24 11:41:00,842.0
1483,138,1,2024-05-07 19:18:00,430.29
1484,125,20,2024-03-24 10:07:00,1079.39
1485,34,6,2025-07-13 10:02:00,1210.8
1486,94,18,2025-07-18 00:44:00,411.6
1487,36,5,2025-08-14 22:17:00,302.89
1488,129,18,2025-10-14 20:22:00,1032.12
1489,74,9,2024-03-15 11:03:00,294.39
1490,28,3,2024-05-01 20:53:00,616.12
1491,13,2,2025-05-02 17:29:00,1147.21
1492,81,18,2025-10-07 11:17:00,165.63
1493,120,3,2025-08-17 18:29:00,748.3
1494,106,15,2024-07-01 14:58:00,748.65
1495,33,15,2025-04-30 20:19:00,936.49
1496,59,5,2025-03-22 09:35:00,885.97
1497,35,17,2024-06-15 11:49:00,155.67
1498,66,17,2024-07-12 19:35:00,1237.79
1499,47,3,2024-08-22 13:14:00,814.25
1500,126,18,2025-01-13 12:27:00,656.2
1501,51,12,2024-12-02 20:43:00,1010.7
1502,67,12,2025-10-15 09:17:00,303.99
1503,10,1,2024-07-26 17:17:00,193.97
1504,31,2,2025-07-12 07:33:00,1055.27
1505,140,10,2025-02-27 18:42:00,1199.19
1506,38,6,2025-09-25 21:46:00,544.88
1507,4,19,2025-10-05 18:18:00,969.75
1508,150,20,2024-10-17 20:12:00,187.44
1509,129,3,2025-03-31 11:34:00,868.31
1510,75,14,2025-05-09 11:52:00,265.92
1511,2,3,2024-10-24 11:37:00,879.14
1512,140,3,2025-11-16 12:52:00,1499.41
1513,42,15,2025-06-23 20:03:00,457.42
1514,119,7,2025-04-24 17:19:00,334.45
1515,83,1,2024-12-28 18:13:00,1019.99
1516,99,9,2024-07-17 11:25:00,1298.93
1517,4,12,2025-12-06 22:47:00,1158.98
1518,110,20,2025-10-15 20:38:00,332.24
1519,47,1,2024-01-01 10:15:00,570.45
1520,56,17,2025-03-15 07:04:00,746.78
1521,8,19,2024-08-12 13:06:00,825.8
1522,74,4,2025-11-23 19:41:00,864.49
1523,90,4,2024-07-21 12:31:00,521.33
1524,24,9,2024-09-12 13:15:00,461.39
1525,106,11,2024-07-16 08:53:00,381.91
1526,126,8,2024-03-24 09:12:00,801.3
1527,1,8,2024-10-04 13:51:00,1334.07
1528,125,16,2025-03-18 19:22:00,398.14
1529,93,16,2024-08-06 21:48:00,262.84
1530,52,17,2024-10-26 18:22:00,202.99
1531,41,12,2024-10-22 12:35:00,1410.48
1532,118,6,2024-12-25 20:20:00,340.28
1533,143,17,2025-08-23 02:32:00,1329.03
1534,62,17,2025-02-15 09:27:00,775.32
1535,16,16,2024-12-02 06:00:00,663.11
1536,109,1,2024-04-27 17:28:00,1465.19
1537,106,19,2024-07-10 20:02:00,1087.03
1538,34,16,2024-01-04 09:55:00,451.01
1539,38,11,2025-10-16 13:24:00,641.41
1540,38,5,2024-07-11 23:56:00,1202.51
1541,77,11,2024-08-13 11:08:00,764.5
1542,23,2,2024-02-10 20:51:00,320.2
1543,49,8,2024-03-29 11:22:00,1212.33
1544,140,2,2024-09-03 12:44:00,1016.23
1545,60,19,2024-01-08 15:02:00,1361.06
1546,4,11,2024-02-29 19:42:00,463.75
1547,61,18,2024-11-27 09:42:00,1362.14
1548,89,7,2025-01-14 21:13:00,715.02
1549,20,2,2025-04-06 00:18:00,1440.48
1550,119,5,2025-08-16 09:34:00,854.36
1551,77,16,2025-12-01 07:13:00,1409.28
1552,128,5,2025-09-04 18:16:00,1427.13
1553,124,16,2024-03-12 18:17:00,305.56
1554,26,2,2024-10-17 21:09:00,609.25
1555,86,12,2024-07-07 19:51:00,1316.74
1556,90,17,2024-07-09 13:23:00,1491.71
1557,47,5,2025-07-16 11:12:00,258.86
1558,92,7,2024-05-30 09:58:00,1148.06
1559,101,11,2025-03-26 12:54:00,910.95
1560,59,5,2024-03-25 15:30:00,624.14
1561,61,17,2024-01-06 12:53:00,510.58
1562,110,19,2024-09-02 20:07:00,1358.77
1563,9,8,2024-02-10 20:19:00,1049.81
1564,131,6,2025-07-08 18:29:00,1311.48
1565,118,2,2024-09-06 20:12:00,585.75
1566,125,15,2024-10-08 17:26:00,949.36
1567,116,18,2024-03-07 11:29:00,935.55
1568,57,10,2024-03-08 21:06:00,1190.13
1569,139,10,2024-07-07 20:06:00,1295.49
1570,102,1,2024-04-03 07:52:00,594.41
1571,104,9,2024-02-27 14:21:00,166.69
1572,90,8,2024-06-24 08:43:00,311.02
1573,45,5,2024-10-19 01:29:00,1058.86
1574,106,15,2024-11-28 16:37:00,249.81
1575,32,12,2025-09-03 18:47:00,1115.89
1576,82,17,2024-03-21 08:30:00,1295.43
1577,51,6,2025-02-05 19:51:00,1171.0
1578,119,17,2024-03-22 12:10:00,239.43
1579,133,11,2024-11-08 19:01:00,1465.12
1580,129,5,2024-05-02 10:22:00,506.13
1581,15,3,2024-07-08 14:24:00,1144.57
1582,130,9,2024-08-16 15:30:00,1447.39
1583,80,10,2025-10-21 19:06:00,466.47
1584,106,5,2024-04-05 12:54:00,1074.86
1585,121,1,2024-12-16 22:34:00,503.1
1586,90,1,2025-09-03 22:46:00,1158.28
1587,30,14,2024-05-12 20:24:00,836.12
1588,49,4,2025-07-22 11:09:00,1415.82
1589,76,10,2025-12-18 19:12:00,964.79
1590,51,7,2025-08-14 18:58:00,941.29
1591,3,18,2024-04-25 23:05:00,898.96
1592,46,13,2024-03-25 20:04:00,410.05
1593,140,2,2024-09-22 12:24:00,1271.31
1594,95,19,2024-10-18 14:37:00,1145.74
1595,102,15,2025-01-15 23:06:00,1234.22
1596,75,17,2024-04-01 14:37:00,356.9
1597,31,3,2025-11-02 10:25:00,1473.49
1598,16,3,2024-03-06 20:15:00,223.1
1599,31,19,2024-06-02 19:01:00,853.63
1600,4,9,2025-02-01 23:48:00,681.45
1601,44,16,2025-04-27 21:48:00,434.2
1602,110,8,2025-10-20 08:31:00,1237.77
1603,106,17,2024-10-06 19:48:00,1139.92
1604,42,16,2025-04-14 12:01:00,1426.69
1605,112,19,2025-03-12 21:29:00,737.05
1606,45,7,2025-07-21 20:23:00,1268.37
1607,110,9,2025-04-29 12:07:00,692.59
1608,149,16,2025-05-08 18:10:00,1000.9
1609,18,14,2024-10-12 19:44:00,958.23
1610,31,7,2024-10-24 18:08:00,1154.61
1611,42,16,2024-10-25 10:59:00,277.4
1612,121,18,2025-09-05 19:09:00,153.57
1613,74,19,2025-06-05 19:41:00,1402.03
1614,135,13,2024-05-25 21:11:00,948.94
1615,5,16,2025-06-23 20:11:00,1096.8
1616,31,13,2025-02-25 20:23:00,249.78
1617,139,3,2025-01-10 12:01:00,764.8
1618,137,15,2025-05-30 13:33:00,561.36
1619,16,5,2024-06-21 10:36:00,307.05
1620,61,18,2024-05-25 07:41:00,391.13
1621,143,14,2024-09-30 14:10:00,1240.08
1622,146,9,2024-10-30 11:27:00,1301.09
1623,133,8,2025-07-02 18:43:00,1329.9
1624,47,5,2024-08-03 05:36:00,727.68
1625,24,9,2025-12-03 14:44:00,717.09
1626,133,16,2024-05-05 08:29:00,150.56
1627,90,10,2025-04-28 12:54:00,290.27
1628,86,1,2024-02-21 17:31:00,587.73
1629,49,17,2025-12-22 18:07:00,913.56
1630,2,6,2025-10-13 17:47:00,951.66
1631,111,2,2025-12-12 10:18:00,707.42
1632,115,8,2025-04-02 22:35:00,775.53
1633,89,10,2025-05-16 11:05:00,214.33
1634,74,6,2024-06-22 19:51:00,1106.77
1635,95,17,2024-01-26 20:56:00,617.14
1636,47,14,2025-06-02 05:37:00,215.73
1637,17,9,2024-11-12 21:47:00,1340.64
1638,31,6,2025-05-19 06:18:00,176.05
1639,125,2,2025-10-06 09:30:00,818.59
1640,104,9,2025-12-31 22:53:00,1146.92
1641,150,10,2024-12-21 12:26:00,518.57
1642,78,3,2025-03-06 11:40:00,1117.45
1643,76,4,2025-02-07 10:22:00,1153.83
1644,20,7,2024-03-15 14:23:00,676.5
1645,55,15,2024-11-30 16:21:00,1129.14
1646,121,2,2025-10-14 12:50:00,1158.64
1647,36,19,2024-04-20 22:50:00,1397.66
1648,109,3,2024-03-01 18:23:00,1289.99
1649,123,9,2025-09-25 13:41:00,223.82
1650,84,12,2024-01-03 16:40:00,289.51
1651,43,15,2025-02-07 18:47:00,1157.46
1652,122,12,2024-02-05 13:54:00,822.23
1653,10,14,2024-06-24 19:57:00,1476.16
1654,118,4,2024-11-25 19:16:00,330.08
1655,135,20,2024-04-03 20:28:00,333.58
1656,131,13,2024-06-24 06:03:00,1339.16
1657,115,18,2025-06-09 12:49:00,557.35
1658,140,19,2024-04-05 20:27:00,962.1
1659,34,11,2024-07-29 18:15:00,329.87
1660,46,11,2025-04-19 20:50:00,1116.55
1661,68,18,2024-10-26 21:17:00,570.53
1662,62,8,2024-06-20 11:41:00,1182.4
1663,148,10,2025-03-06 20:24:00,585.41
1664,92,4,2024-11-19 10:58:00,750.01
1665,6,2,2025-01-13 10:14:00,364.63
1666,105,5,2024-06-30 16:08:00,264.32
1667,140,6,2024-09-01 12:26:00,1487.78
1668,45,19,2024-06-15 18:30:00,914.22
1669,133,12,2024-03-21 14:43:00,1291.84
1670,100,5,2025-03-13 13:41:00,1432.95
1671,113,4,2025-06-04 11:39:00,142.98
1672,113,17,2024-12-09 18:33:00,138.56
1673,111,9,2024-08-23 12:12:00,538.2
1674,51,18,2025-08-23 12:24:00,307.98
1675,115,19,2025-01-17 15:51:00,246.62
1676,150,18,2025-07-26 07:34:00,563.98
1677,89,4,2024-09-23 07:50:00,1468.67
1678,86,16,2025-08-24 10:56:00,1034.69
1679,137,20,2025-01-07 00:12:00,747.91
1680,62,19,2024-07-07 07:41:00,409.4
1681,95,18,2024-02-14 12:38:00,1204.72
1682,4,18,2025-08-24 13:06:00,205.1
1683,47,3,2024-05-25 17:19:00,1337.04
1684,37,14,2024-12-28 10:15:00,1493.99
1685,40,2,2024-08-14 06:16:00,376.23
1686,105,2,2025-11-15 20:11:00,1258.62
1687,140,9,2024-08-02 10:56:00,773.16
1688,135,3,2025-05-31 12:02:00,1159.12
1689,115,16,2024-04-30 12:07:00,1330.58
1690,67,17,2025-02-18 13:55:00,1428.25
1691,94,10,2025-10-01 23:57:00,527.08
1692,41,19,2024-07-03 14:08:00,297.74
1693,126,9,2024-05-26 11:29:00,1209.08
1694,86,10,2024-03-19 12:27:00,694.95
1695,47,12,2024-01-20 17:56:00,636.08
1696,1,14,2024-08-25 13:42:00,715.61
1697,95,14,2024-02-08 12:04:00,1222.51
1698,115,1,2025-10-12 07:53:00,270.17
1699,42,2,2025-02-14 14:53:00,236.66
1700,24,4,2025-10-20 00:24:00,1124.87
1701,110,11,2024-10-21 14:47:00,473.58
1702,20,16,2024-12-11 09:05:00,1143.74
1703,67,10,2025-06-02 21:36:00,1128.63
1704,20,4,2025-06-28 12:30:00,1415.62
1705,32,15,2025-12-03 15:55:00,1062.8
1706,142,4,2024-01-12 22:00:00,969.88
1707,90,8,2025-05-10 05:05:00,633.16
1708,99,5,2025-09-30 15:09:00,307.31
1709,10,20,2025-11-29 12:25:00,907.02
1710,34,7,2024-11-24 13:38:00,1210.48
1711,21,9,2025-03-23 12:49:00,457.95
1712,24,15,2024-12-21 12:09:00,208.94
1713,47,19,2025-01-02 17:00:00,644.09
1714,83,14,2024-05-28 14:40:00,594.49
1715,49,11,2024-01-11 10:19:00,1022.84
1716,105,14,2025-09-08 17:46:00,482.67
1717,8,16,2024-06-10 09:54:00,1146.23
1718,14,7,2025-12-05 00:13:00,1183.24
1719,26,4,2024-11-20 21:47:00,687.41
1720,126,19,2025-08-10 12:02:00,1131.98
1721,77,8,2025-06-18 18:14:00,497.86
1722,18,7,2025-12-06 12:43:00,1451.48
1723,117,4,2024-02-19 22:26:00,892.78
1724,125,19,2024-08-06 18:59:00,363.32
1725,32,11,2025-06-13 23:16:00,598.33
1726,125,2,2025-05-23 19:03:00,1463.01
1727,4,2,2024-01-01 14:34:00,187.86
1728,78,4,2025-11-26 12:31:00,224.2
1729,115,15,2024-04-05 10:27:00,1493.64
1730,58,14,2024-09-19 15:50:00,1209.5
1731,118,2,2025-06-13 13:12:00,1099.37
1732,71,4,2025-09-16 11:41:00,1068.63
1733,130,3,2025-05-01 21:08:00,798.25
1734,136,14,2025-09-05 17:17:00,369.92
1735,125,4,2025-08-17 15:50:00,1173.99
1736,16,3,2025-09-23 10:34:00,903.69
1737,100,17,2024-12-19 11:44:00,1350.0
1738,89,15,2025-08-25 20:43:00,1163.3
1739,97,2,2024-05-21 21:38:00,745.74
1740,92,7,2024-12-20 12:33:00,1214.85
1741,32,3,2024-08-29 14:07:00,1175.5
1742,31,18,2024-12-08 19:04:00,285.8
1743,9,11,2024-07-18 17:48:00,121.62
1744,150,11,2025-10-24 17:38:00,1410.33
1745,104,3,2024-05-25 13:18:00,724.48
1746,149,8,2025-05-16 19:25:00,673.97
1747,92,17,2024-03-28 03:49:00,930.56
1748,80,17,2025-12-20 09:26:00,525.04
1749,74,15,2025-06-02 16:30:00,539.42
1750,61,15,2024-06-07 13:33:00,1231.76
1751,147,3,2024-09-11 13:17:00,1217.46
1752,150,17,2025-02-26 11:55:00,1434.91
1753,6,8,2024-03-06 06:45:00,1242.09
1754,1,10,2024-04-14 18:31:00,768.58
1755,24,9,2024-07-11 19:54:00,951.93
1756,145,8,2025-08-25 06:59:00,201.93
1757,72,5,2025-11-13 19:21:00,830.17
1758,10,6,2025-08-16 01:37:00,735.7
1759,110,15,2024-12-02 11:11:00,980.75
1760,19,17,2024-06-15 13:16:00,1061.63
1761,23,19,2024-02-14 17:20:00,572.52
1762,45,18,2024-09-10 16:36:00,829.96
1763,33,1,2025-04-24 21:44:00,642.03
1764,24,17,2024-09-17 09:35:00,383.75
1765,137,19,2025-09-27 18:14:00,568.8
1766,30,12,2024-06-24 07:09:00,344.51
1767,30,15,2025-12-17 14:42:00,189.81
1768,98,8,2024-05-30 16:31:00,1479.86
1769,115,17,2024-06-25 10:36:00,1164.0
1770,41,5,2025-02-20 13:54:00,888.15
1771,24,10,2025-07-28 18:56:00,1212.61
1772,93,12,2025-05-13 00:59:00,176.13
1773,77,13,2024-04-07 12:06:00,1495.74
1774,105,5,2024-12-27 16:50:00,1353.22
1775,105,17,2025-08-06 14:42:00,1029.32
1776,32,3,2024-01-08 09:32:00,607.61
1777,54,5,2025-12-30 11:06:00,1487.56
1778,99,20,2025-07-08 02:57:00,1451.52
1779,81,16,2024-12-18 15:11:00,335.69
1780,135,12,2025-12-01 05:35:00,715.04
1781,38,20,2025-01-02 19:29:00,694.36
1782,55,19,2024-07-31 18:10:00,264.46
1783,26,3,2025-04-30 05:55:00,1187.03
1784,51,4,2024-05-11 17:57:00,712.2
1785,147,1,2024-01-29 15:43:00,701.86
1786,33,12,2024-08-08 20:12:00,911.07
1787,37,12,2024-02-21 13:13:00,582.57
1788,5,2,2024-10-28 09:43:00,408.52
1789,140,5,2024-11-08 19:57:00,455.45
1790,140,14,2024-07-01 10:39:00,424.51
1791,22,14,2025-09-24 07:03:00,939.36
1792,110,15,2025-05-08 18:06:00,938.59
1793,118,10,2024-10-10 20:29:00,615.9
1794,31,13,2025-04-26 19:06:00,670.52
1795,18,15,2024-05-10 18:58:00,722.57
1796,3,8,2024-11-10 08:14:00,1395.37
1797,1,20,2025-07-23 09:26:00,354.07
1798,150,18,2025-10-22 21:35:00,1329.81
1799,90,8,2025-08-12 07:31:00,488.18
1800,29,15,2025-03-28 20:26:00,616.0
1801,26,20,2025-03-25 19:53:00,523.57
1802,150,10,2024-09-07 15:11:00,285.26
1803,32,16,2025-07-22 14:26:00,1406.76
1804,13,15,2025-03-01 20:48:00,865.2
1805,95,9,2024-07-15 20:00:00,931.11
1806,114,10,2025-01-13 10:20:00,208.86
1807,118,18,2025-05-12 10:45:00,1154.18
1808,106,1,2024-05-08 15:41:00,859.79
1809,135,3,2025-11-15 20:19:00,1457.23
1810,62,2,2024-02-19 14:49:00,1265.48
1811,144,4,2025-08-09 20:48:00,1060.37
1812,143,9,2025-05-18 23:57:00,285.41
1813,98,9,2024-07-17 16:26:00,1104.84
1814,62,15,2025-03-07 21:02:00,701.48
1815,110,17,2024-10-21 19:23:00,750.93
1816,121,4,2024-08-08 19:30:00,1233.19
1817,98,6,2025-09-05 12:59:00,981.17
1818,49,13,2025-08-27 19:51:00,776.14
1819,108,9,2024-04-13 13:39:00,1378.72
1820,107,2,2025-12-13 08:51:00,192.53
1821,92,6,2025-06-12 16:31:00,1175.47
1822,97,2,2025-01-04 15:12:00,1320.49
1823,131,2,2025-03-27 21:23:00,878.23
1824,134,20,2024-04-06 23:09:00,138.23
1825,14,15,2024-10-22 13:37:00,984.34
1826,26,9,2025-09-08 20:08:00,1411.74
1827,81,4,2024-02-07 21:23:00,1081.45
1828,123,5,2025-11-27 12:10:00,1459.51
1829,90,2,2024-11-08 05:41:00,141.12
1830,59,9,2025-04-19 18:49:00,1130.33
1831,16,4,2025-06-26 18:51:00,630.3
1832,77,10,2024-08-28 04:40:00,1390.61
1833,66,4,2024-01-09 18:24:00,1239.67
1834,8,8,2024-03-08 03:36:00,556.48
1835,85,20,2024-12-28 18:38:00,544.15
1836,150,14,2024-01-15 13:22:00,367.64
1837,132,15,2025-02-05 13:25:00,395.63
1838,45,16,2025-12-01 14:12:00,644.12
1839,140,6,2024-03-30 19:48:00,1058.97
1840,68,14,2025-08-02 23:52:00,1254.07
1841,119,5,2025-04-04 16:25:00,1398.81
1842,47,5,2025-09-11 14:52:00,958.33
1843,49,10,2024-11-23 09:23:00,373.12
1844,27,7,2024-01-14 18:18:00,704.43
1845,95,13,2024-09-18 12:58:00,1130.59
1846,34,10,2025-02-09 15:57:00,281.25
1847,31,17,2025-03-21 06:58:00,1106.78
1848,62,7,2025-11-03 12:49:00,1029.02
1849,133,8,2025-12-20 03:50:00,1271.5
1850,109,12,2025-10-29 13:34:00,1271.28
1851,13,13,2025-06-22 08:49:00,697.98
1852,95,16,2024-06-30 21:50:00,187.0
1853,108,4,2024-05-29 17:40:00,587.34
1854,25,17,2025-08-29 18:55:00,125.82
1855,19,3,2024-10-23 17:43:00,1308.67
1856,21,4,2024-07-10 19:25:00,515.14
1857,47,13,2024-03-20 07:52:00,717.92
1858,105,10,2024-06-11 12:16:00,283.92
1859,56,8,2025-12-13 12:32:00,713.77
1860,56,18,2024-10-03 15:19:00,834.4
1861,49,19,2024-01-07 16:07:00,630.15
1862,5,19,2025-12-23 16:54:00,1155.15
1863,12,14,2024-07-22 20:35:00,484.32
1864,141,17,2025-04-10 10:55:00,1052.89
1865,149,8,2025-04-18 21:49:00,1477.25
1866,149,12,2025-12-31 11:31:00,198.95
1867,13,12,2025-10-12 09:16:00,312.71
1868,128,12,2025-04-10 05:33:00,1085.79
1869,61,3,2024-03-25 06:21:00,421.57
1870,108,3,2024-06-30 21:19:00,502.77
1871,54,14,2025-11-27 12:16:00,400.86
1872,140,15,2025-05-31 05:32:00,1229.17
1873,140,14,2025-04-08 10:13:00,1318.65
1874,30,20,2024-02-12 16:24:00,322.51
1875,124,5,2025-09-23 20:54:00,795.19
1876,37,14,2025-04-05 18:16:00,746.53
1877,92,12,2024-01-15 11:06:00,979.9
1878,105,5,2025-09-27 00:51:00,347.01
1879,86,1,2025-02-26 22:12:00,667.42
1880,86,16,2024-04-16 11:08:00,826.18
1881,105,10,2024-10-13 17:35:00,510.83
1882,84,20,2025-04-24 16:40:00,155.07
1883,8,19,2024-02-03 13:05:00,161.84
1884,145,6,2025-09-06 11:26:00,400.27
1885,49,10,2025-12-23 02:33:00,1158.41
1886,146,14,2025-01-28 12:23:00,1285.29
1887,49,5,2024-06-10 10:59:00,1417.26
1888,90,1,2025-04-08 12:15:00,558.25
1889,15,18,2024-08-17 16:10:00,1267.18
1890,62,7,2025-08-18 16:46:00,1317.32
1891,122,10,2025-02-19 20:41:00,1400.39
1892,41,19,2024-11-24 23:25:00,155.68
1893,149,15,2025-12-05 16:43:00,199.66
1894,128,12,2024-07-26 13:48:00,439.3
1895,8,16,2025-12-31 19:17:00,191.04
1896,142,4,2025-06-06 20:23:00,815.06
1897,126,20,2024-10-05 17:47:00,1105.23
1898,82,13,2024-08-31 22:44:00,926.4
1899,72,15,2024-03-21 17:26:00,1489.39
1900,38,13,2024-12-21 19:21:00,1114.11
1901,31,13,2025-02-17 21:26:00,351.62
1902,135,9,2025-09-20 12:38:00,1324.67
1903,131,9,2024-03-18 07:37:00,192.57
1904,115,5,2024-02-29 19:06:00,1495.76
1905,128,16,2024-06-04 14:41:00,336.44
1906,144,6,2024-12-10 15:00:00,858.62
1907,67,18,2024-07-14 18:58:00,645.7
1908,93,17,2025-12-30 20:54:00,1379.64
1909,122,8,2024-12-09 16:42:00,1045.01
1910,21,10,2024-04-11 19:25:00,746.75
1911,95,20,2025-11-20 14:14:00,858.95
1912,92,12,2025-07-24 21:47:00,894.21
1913,61,12,2025-10-25 18:24:00,862.01
1914,85,18,2024-10-12 08:28:00,379.17
1915,1,20,2025-12-14 13:10:00,1376.41
1916,133,11,2025-08-21 14:03:00,562.08
1917,122,19,2024-05-24 21:32:00,1211.84
1918,124,4,2025-09-30 02:04:00,607.47
1919,49,18,2025-06-11 07:56:00,717.62
1920,86,16,2025-11-20 06:09:00,503.7
1921,24,5,2025-06-02 18:53:00,580.13
1922,107,14,2024-06-24 18:10:00,229.3
1923,92,1,2025-07-23 13:40:00,1075.88
1924,67,18,2025-02-13 12:56:00,1210.34
1925,57,3,2024-02-07 14:05:00,1426.55
1926,101,14,2024-10-14 14:49:00,775.33
1927,41,3,2024-02-19 08:50:00,571.71
1928,18,3,2024-11-28 17:46:00,423.77
1929,38,5,2024-05-07 18:23:00,879.15
1930,74,18,2025-03-30 17:23:00,1281.38
1931,81,4,2024-06-23 12:27:00,290.53
1932,89,16,2024-02-26 14:00:00,438.08
1933,118,18,2024-07-10 17:30:00,1491.64
1934,135,18,2024-11-14 21:22:00,558.8
1935,106,3,2024-08-21 12:09:00,734.91
1936,40,6,2024-09-27 11:38:00,838.69
1937,107,9,2025-10-02 16:36:00,802.82
1938,27,1,2025-04-04 23:37:00,1142.31
1939,112,7,2024-12-06 06:45:00,1150.09
1940,31,1,2024-04-24 08:49:00,777.05
1941,41,16,2024-07-31 20:50:00,1025.62
1942,17,6,2025-07-19 18:16:00,518.55
1943,140,3,2024-11-26 21:03:00,590.83
1944,148,5,2024-10-12 19:04:00,396.35
1945,133,1,2024-01-24 20:24:00,610.66
1946,2,7,2024-03-12 05:59:00,610.77
1947,91,16,2025-11-16 16:56:00,1409.72
1948,110,8,2024-09-12 15:21:00,176.46
1949,18,5,2025-07-16 20:08:00,1087.51
1950,10,7,2024-02-21 17:59:00,819.39
1951,40,17,2024-05-21 18:55:00,176.14
1952,34,1,2024-08-16 12:51:00,904.94
1953,40,18,2024-08-21 13:25:00,303.3
1954,44,1,2024-07-31 15:10:00,156.35
1955,131,7,2025-12-15 11:16:00,755.9
1956,92,17,2024-03-27 22:49:00,1441.84
1957,15,14,2024-08-01 11:18:00,1256.35
1958,95,18,2024-11-27 18:36:00,1269.46
1959,115,16,2025-08-20 14:43:00,758.92
1960,127,15,2025-10-10 06:57:00,548.32
1961,109,8,2024-10-23 23:12:00,634.14
1962,68,14,2024-09-29 18:32:00,825.45
1963,95,9,2024-03-23 13:26:00,524.96
1964,12,6,2024-10-18 18:41:00,1198.53
1965,128,1,2024-09-21 10:09:00,1479.95
1966,4,12,2025-09-09 15:26:00,356.39
1967,80,12,2024-10-13 13:09:00,1232.26
1968,29,6,2024-10-14 21:24:00,1255.15
1969,3,1,2024-02-05 16:57:00,508.98
1970,146,3,2025-02-21 17:24:00,842.85
1971,51,3,2024-08-24 15:26:00,918.64
1972,50,16,2024-03-21 09:10:00,1445.29
1973,59,2,2024-02-18 16:05:00,451.0
1974,52,13,2025-09-01 17:21:00,398.28
1975,66,20,2025-07-12 18:54:00,1291.0
1976,27,1,2024-07-26 12:02:00,973.32
1977,55,12,2024-03-11 19:09:00,139.14
1978,106,15,2024-09-20 07:01:00,812.97
1979,142,20,2025-09-08 20:59:00,785.95
1980,98,8,2025-10-05 17:20:00,1128.91
1981,7,16,2024-03-16 17:59:00,761.52
1982,42,17,2024-06-14 12:05:00,853.32
1983,82,15,2024-03-07 18:53:00,613.84
1984,41,12,2025-09-30 20:56:00,1214.51
1985,8,11,2024-06-23 20:26:00,779.31
1986,32,8,2025-06-06 18:21:00,384.59
1987,8,11,2024-02-11 18:36:00,1416.32
1988,128,1,2024-02-18 09:25:00,774.35
1989,110,14,2025-04-09 20:14:00,320.98
1990,145,16,2025-04-25 06:52:00,1246.81
1991,126,8,2024-11-28 18:42:00,138.39
1992,122,15,2025-12-06 17:47:00,744.33
1993,98,5,2025-06-13 17:26:00,1333.69
1994,117,10,2024-09-25 18:25:00,1347.09
1995,3,19,2024-02-11 08:11:00,296.49
1996,123,7,2025-07-21 15:44:00,1426.07
1997,29,2,2025-07-24 08:45:00,293.36
1998,10,16,2025-04-19 08:39:00,1304.21
1999,104,9,2024-07-28 20:32:00,673.61
2000,142,17,2024-08-26 09:23:00,1105.54
2001,1,18,2025-05-28 16:15:00,287.19
2002,19,9,2025-10-28 11:45:00,1275.6
2003,64,16,2024-04-07 15:31:00,965.92
2004,26,9,2025-06-27 13:08:00,1070.56
2005,80,17,2025-02-21 17:42:00,870.12
2006,3,6,2025-10-21 18:45:00,1075.91
2007,44,1,2024-06-19 19:12:00,897.02
2008,94,19,2025-09-26 08:29:00,727.68
2009,50,8,2025-06-23 09:35:00,612.11
2010,26,20,2024-11-27 14:39:00,927.11
2011,88,5,2025-05-10 17:16:00,1377.66
2012,31,16,2024-11-05 18:38:00,964.73
2013,124,8,2024-05-13 08:49:00,283.02
2014,105,1,2025-09-07 13:20:00,683.93
2015,67,2,2025-12-07 09:05:00,577.31
2016,140,11,2024-09-03 09:01:00,1362.96
2017,135,17,2025-07-21 16:15:00,830.91
2018,106,8,2025-08-12 18:42:00,262.68
2019,83,8,2024-11-28 13:40:00,254.16
2020,59,5,2025-12-11 18:03:00,263.08
2021,144,16,2025-06-25 20:26:00,610.34
2022,28,10,2024-12-07 04:48:00,1453.57
2023,36,5,2024-08-07 15:08:00,1360.12
2024,74,13,2024-08-30 20:16:00,152.58
2025,59,18,2024-05-08 14:15:00,781.15
2026,92,2,2024-01-27 17:39:00,1045.77
2027,126,11,2025-05-08 12:46:00,1353.5
2028,49,18,2024-01-21 09:41:00,245.04
2029,19,1,2025-10-07 15:59:00,649.12
2030,146,15,2025-01-03 18:29:00,346.0
2031,41,2,2024-11-10 10:51:00,207.75
2032,73,7,2024-04-11 13:04:00,1412.82
2033,9,14,2024-03-24 17:24:00,1117.59
2034,68,4,2024-12-16 20:04:00,588.92
2035,74,7,2024-06-27 08:09:00,139.08
2036,52,7,2024-04-05 13:05:00,705.12
2037,126,3,2025-11-06 22:57:00,871.16
2038,149,13,2024-09-04 20:48:00,1325.98
2039,95,4,2025-12-08 21:21:00,1189.32
2040,83,1,2025-08-26 12:06:00,595.2
2041,81,4,2024-02-19 20:46:00,1329.86
2042,95,9,2025-09-17 14:41:00,705.63
2043,126,12,2025-04-09 02:09:00,925.73
2044,81,5,2024-08-02 20:42:00,868.21
2045,24,15,2024-11-28 16:17:00,685.37
2046,135,8,2024-03-25 17:29:00,826.13
2047,44,10,2024-06-07 06:37:00,1297.96
2048,45,4,2024-05-10 14:07:00,914.47
2049,72,12,2025-08-06 20:53:00,499.67
2050,19,15,2024-02-15 19:12:00,687.07
2051,150,2,2025-04-01 07:36:00,998.8
2052,120,4,2024-03-27 17:12:00,1303.39
2053,128,17,2025-05-07 04:18:00,672.04
2054,131,20,2025-03-10 15:56:00,1075.92
2055,119,1,2025-08-28 18:29:00,346.19
2056,41,8,2024-08-31 21:42:00,463.98
2057,55,18,2025-11-02 16:22:00,1019.57
2058,104,11,2024-08-19 19:51:00,1072.86
2059,4,16,2024-10-31 20:54:00,443.11
2060,44,1,2024-06-30 21:11:00,624.02
2061,118,9,2025-11-13 08:40:00,716.54
2062,1,12,2025-04-08 13:51:00,877.09
2063,62,14,2024-01-24 18:49:00,1088.35
2064,105,5,2024-03-16 18:09:00,692.39
2065,81,20,2025-06-28 19:20:00,564.87
2066,32,1,2025-11-18 16:06:00,998.18
2067,74,4,2025-08-06 17:21:00,457.65
2068,19,12,2024-08-20 17:34:00,1164.83
2069,94,5,2025-11-12 08:14:00,1454.3
2070,105,6,2025-01-28 08:56:00,291.8
2071,140,7,2025-03-15 06:15:00,918.76
2072,8,3,2025-01-30 08:12:00,310.46
2073,59,7,2024-01-23 12:59:00,1109.53
2074,64,14,2025-05-31 10:21:00,619.19
2075,123,1,2024-11-08 11:17:00,156.28
2076,90,3,2024-03-02 09:32:00,1457.82
2077,140,7,2024-12-01 21:03:00,1017.68
2078,110,8,2024-03-19 10:53:00,139.65
2079,99,8,2024-11-12 11:47:00,1214.8
2080,88,12,2025-09-21 11:09:00,489.95
2081,63,7,2024-08-26 20:36:00,658.89
2082,88,8,2024-12-09 11:07:00,823.95
2083,50,7,2024-06-13 21:38:00,892.99
2084,36,4,2025-04-27 21:05:00,1354.48
2085,52,4,2025-12-18 11:23:00,142.23
2086,72,13,2025-02-22 21:41:00,738.07
2087,133,17,2024-10-07 18:30:00,155.68
2088,34,6,2024-05-28 19:45:00,330.26
2089,135,17,2024-10-23 12:49:00,1072.89
2090,10,6,2025-10-19 09:11:00,712.21
2091,51,20,2025-06-01 12:04:00,1304.29
2092,8,4,2024-01-24 19:01:00,417.69
2093,23,6,2025-04-22 20:06:00,836.06
2094,42,10,2024-11-16 10:01:00,1357.15
2095,115,12,2024-05-22 11:17:00,1128.84
2096,49,10,2025-05-11 12:29:00,984.21
2097,74,1,2025-11-15 15:10:00,136.75
2098,7,10,2024-03-27 10:41:00,1145.94
2099,115,5,2025-03-06 17:34:00,470.9
2100,10,2,2025-09-20 08:42:00,1323.12
2101,150,17,2025-04-09 18:30:00,1497.8
2102,59,12,2025-04-22 07:43:00,232.29
2103,105,12,2025-04-15 22:44:00,1410.6
2104,77,2,2024-11-24 12:15:00,976.73
2105,111,13,2025-07-24 09:56:00,604.86
2106,34,4,2024-07-05 19:27:00,662.08
2107,77,4,2025-04-15 06:39:00,537.47
2108,41,3,2024-08-06 06:51:00,1038.84
2109,143,3,2024-12-30 15:10:00,1301.31
2110,126,12,2025-01-01 21:17:00,1378.16
2111,126,6,2025-03-04 12:17:00,612.44
2112,44,4,2025-08-02 20:52:00,1131.95
2113,143,2,2025-10-02 10:44:00,668.99
2114,71,1,2025-04-09 19:27:00,569.35
2115,145,2,2025-07-31 13:15:00,419.7
2116,145,12,2025-02-03 19:42:00,796.73
2117,47,15,2025-11-28 17:52:00,1255.25
2118,135,6,2024-07-22 18:59:00,531.47
2119,106,18,2024-03-01 12:22:00,380.84
2120,35,10,2024-11-15 07:33:00,130.1
2121,116,12,2024-04-12 11:30:00,696.89
2122,116,12,2025-12-05 17:46:00,1024.89
2123,90,14,2024-11-05 18:28:00,1121.62
2124,150,19,2024-03-18 10:12:00,1328.29
2125,32,18,2025-11-11 17:18:00,745.13
2126,110,4,2025-08-05 18:38:00,1076.46
2127,119,6,2025-07-31 08:50:00,448.64
2128,112,6,2024-06-22 06:46:00,405.03
2129,95,19,2024-07-31 14:24:00,709.4
2130,140,3,2025-01-08 16:09:00,430.26
2131,26,11,2024-01-07 19:35:00,986.85
2132,118,19,2024-07-21 09:05:00,735.23
2133,126,9,2025-01-28 03:39:00,324.76
2134,49,12,2025-03-23 19:57:00,1015.39
2135,32,7,2025-08-16 15:01:00,605.28
2136,140,13,2024-01-19 10:30:00,679.37
2137,55,16,2025-01-05 14:23:00,911.24
2138,78,12,2024-12-26 10:22:00,466.64
2139,45,10,2025-04-01 14:43:00,592.34
2140,93,12,2025-12-04 12:22:00,1334.67
2141,8,2,2024-10-04 05:14:00,1296.21
2142,139,11,2025-05-27 19:10:00,1328.58
2143,74,12,2024-02-17 17:52:00,1368.35
2144,71,16,2024-08-06 15:14:00,169.86
2145,128,5,2025-09-30 15:08:00,601.3
2146,17,8,2024-01-05 18:44:00,617.48
2147,31,9,2024-04-20 18:16:00,1429.4
2148,92,17,2025-06-03 21:03:00,247.83
2149,51,13,2025-04-12 18:51:00,1183.46
2150,98,18,2025-07-30 21:31:00,1210.24
2151,92,1,2025-10-30 18:38:00,1164.34
2152,133,13,2025-11-22 12:54:00,885.52
2153,4,17,2025-04-24 19:53:00,1135.03
2154,55,16,2025-03-24 10:52:00,891.97
2155,56,6,2024-01-21 11:46:00,538.5
2156,55,8,2025-02-04 13:17:00,729.52
2157,108,4,2025-12-08 19:15:00,1446.27
2158,8,8,2025-01-11 04:00:00,274.45
2159,21,20,2025-01-05 20:16:00,496.33
2160,130,15,2024-03-18 13:11:00,422.05
2161,74,6,2024-12-10 08:37:00,372.29
2162,25,11,2025-11-04 20:21:00,1115.93
2163,59,10,2024-09-28 18:10:00,793.64
2164,80,18,2025-05-14 11:56:00,1483.78
2165,115,3,2025-12-19 07:31:00,806.48
2166,10,4,2025-03-24 13:33:00,1411.61
2167,51,12,2025-02-21 21:40:00,921.1
2168,50,11,2025-08-24 22:54:00,634.32
2169,50,15,2025-10-23 13:51:00,714.33
2170,29,16,2025-10-26 10:44:00,1173.15
2171,36,9,2024-11-16 17:24:00,1067.05
2172,6,3,2025-01-19 18:36:00,201.96
2173,106,9,2024-07-30 20:55:00,1457.16
2174,116,1,2025-08-28 11:36:00,1123.94
2175,140,16,2024-04-01 20:22:00,1055.39
2176,49,4,2025-03-14 12:04:00,323.84
2177,52,16,2025-05-14 07:09:00,560.95
2178,59,6,2024-09-05 15:54:00,691.44
2179,22,17,2025-08-06 14:44:00,1493.07
2180,149,8,2024-07-27 17:56:00,1425.11
2181,38,4,2025-02-25 13:23:00,1081.66
2182,4,11,2024-02-21 16:15:00,1109.72
2183,13,19,2024-07-06 19:11:00,528.09
2184,65,2,2024-04-29 21:23:00,1473.34
2185,59,19,2025-12-22 13:08:00,426.15
2186,124,16,2025-04-05 13:19:00,1429.35
2187,109,15,2024-02-20 07:22:00,1173.99
2188,87,4,2024-04-09 12:24:00,1363.98
2189,72,15,2024-04-06 11:04:00,470.45
2190,116,6,2025-04-23 16:38:00,1483.13
2191,4,8,2025-05-28 11:45:00,1407.82
2192,37,5,2025-01-10 23:15:00,1180.18
2193,104,19,2024-07-20 19:31:00,1008.81
2194,145,7,2024-08-26 23:25:00,966.84
2195,16,9,2025-10-28 18:21:00,1474.64
2196,4,18,2025-11-03 16:48:00,348.7
2197,50,10,2024-01-11 22:59:00,1432.92
2198,44,11,2024-08-06 15:21:00,164.57
2199,17,6,2024-08-20 16:11:00,728.37
2200,74,19,2025-12-21 17:41:00,1466.61
2201,127,15,2024-08-29 09:22:00,1005.47
2202,59,13,2024-01-03 16:33:00,334.37
2203,105,9,2024-01-07 21:53:00,406.92
2204,63,11,2024-05-17 21:06:00,932.13
2205,65,19,2025-12-04 05:24:00,1461.33
2206,106,1,2024-12-08 18:04:00,1111.41
2207,115,18,2025-12-19 11:13:00,326.44
2208,19,13,2024-09-05 10:27:00,237.4
2209,105,17,2024-03-01 16:58:00,431.6
2210,44,16,2024-12-07 15:27:00,857.04
2211,83,11,2025-03-09 05:12:00,480.29
2212,8,12,2025-11-16 13:56:00,578.46
2213,3,10,2024-03-15 04:37:00,650.5
2214,19,12,2024-04-29 17:32:00,312.52
2215,140,3,2025-01-09 08:12:00,784.9
2216,95,13,2024-11-09 19:01:00,607.88
2217,66,20,2025-12-09 19:49:00,1123.31
2218,89,19,2024-12-14 23:51:00,853.72
2219,133,12,2024-02-24 18:54:00,931.86
2220,4,8,2025-04-22 02:56:00,673.4
2221,86,18,2025-07-30 16:28:00,892.64
2222,8,9,2024-01-30 20:03:00,1288.62
2223,4,19,2025-03-18 08:11:00,849.49
2224,105,1,2025-10-06 11:52:00,822.59
2225,59,9,2025-08-17 19:04:00,1195.24
2226,140,2,2024-08-10 19:46:00,730.23
2227,71,18,2024-02-28 14:09:00,689.47
2228,74,3,2025-09-22 13:55:00,1379.72
2229,140,9,2024-01-18 19:20:00,1131.94
2230,31,14,2025-02-11 11:27:00,1191.57
2231,100,17,2024-12-28 11:05:00,143.07
2232,120,1,2025-04-19 02:01:00,813.14
2233,140,12,2024-10-29 19:15:00,1353.57
2234,103,20,2024-03-04 09:55:00,568.66
2235,41,10,2025-07-23 16:49:00,993.49
2236,4,11,2025-08-23 13:35:00,1242.44
2237,43,13,2025-07-08 12:16:00,545.57
2238,61,2,2025-07-15 00:33:00,146.55
2239,140,15,2025-11-03 11:53:00,728.07
2240,98,15,2024-07-10 14:53:00,837.19
2241,146,12,2024-05-16 13:00:00,537.75
2242,128,7,2024-07-27 15:13:00,1031.43
2243,111,9,2024-09-27 16:05:00,190.11
2244,146,11,2025-03-09 16:33:00,1327.25
2245,36,17,2024-01-27 17:04:00,1466.28
2246,106,11,2025-11-30 12:57:00,379.81
2247,1,11,2025-05-16 21:30:00,352.33
2248,74,17,2024-11-14 11:13:00,812.96
2249,36,15,2025-10-10 13:25:00,744.35
2250,127,8,2024-03-17 16:12:00,915.2
2251,52,17,2024-03-01 17:19:00,1119.53
2252,92,9,2025-01-18 06:32:00,1215.48
2253,74,5,2024-07-20 13:25:00,235.2
2254,8,10,2025-10-22 10:21:00,1424.44
2255,45,3,2024-11-02 11:05:00,529.73
2256,44,2,2024-10-09 10:06:00,1441.94
2257,49,16,2024-01-20 09:25:00,758.05
2258,63,11,2024-04-09 19:07:00,697.89
2259,124,8,2025-09-15 08:16:00,473.77
2260,49,10,2025-12-22 21:41:00,1245.05
2261,54,16,2025-09-25 18:20:00,192.21
2262,85,9,2025-05-21 09:41:00,1253.39
2263,43,11,2024-08-01 21:17:00,562.29
2264,85,14,2024-11-25 15:18:00,846.86
2265,123,7,2024-02-27 17:40:00,891.41
2266,105,11,2025-09-17 15:51:00,1294.09
2267,125,15,2025-04-21 16:51:00,769.11
2268,122,13,2024-07-13 20:27:00,945.96
2269,129,13,2025-02-05 19:34:00,794.83
2270,86,8,2025-08-12 11:48:00,258.11
2271,77,8,2024-07-02 11:30:00,1169.07
2272,26,20,2024-08-04 13:40:00,1365.76
2273,89,5,2025-08-11 19:15:00,557.06
2274,33,20,2025-04-02 09:57:00,1345.22
2275,126,15,2025-01-23 11:51:00,560.61
2276,59,18,2025-11-12 18:13:00,1438.03
2277,21,18,2025-05-11 04:35:00,413.56
2278,45,18,2025-05-31 13:44:00,644.3
2279,20,14,2024-12-31 17:49:00,566.53
2280,122,13,2024-12-02 12:10:00,798.81
2281,33,6,2024-04-28 11:08:00,355.38
2282,78,6,2025-04-11 09:39:00,668.2
2283,74,10,2025-02-25 18:05:00,1493.75
2284,128,19,2024-04-13 21:20:00,914.39
2285,142,11,2025-07-21 19:35:00,934.7
2286,51,10,2024-10-19 00:45:00,1358.91
2287,144,13,2025-08-15 11:41:00,261.05
2288,118,20,2024-01-31 12:17:00,1311.61
2289,89,11,2025-04-29 08:32:00,569.46
2290,107,13,2025-09-06 19:12:00,131.31
2291,62,11,2025-10-27 15:47:00,983.57
2292,77,6,2025-06-03 17:11:00,1287.39
2293,126,19,2025-08-07 11:23:00,430.7
2294,10,8,2025-04-22 12:04:00,389.9
2295,76,9,2025-10-29 19:02:00,1479.88
2296,22,17,2024-01-15 17:12:00,377.15
2297,46,6,2025-07-08 11:30:00,345.29
2298,33,12,2025-11-08 18:10:00,983.41
2299,110,12,2024-02-14 11:18:00,175.24
2300,8,14,2024-12-12 08:27:00,1316.12
2301,60,13,2025-12-15 13:25:00,428.54
2302,118,20,2024-10-25 20:51:00,989.07
2303,22,12,2024-12-12 11:13:00,416.86
2304,83,1,2025-11-24 13:43:00,671.28
2305,22,7,2025-01-07 11:47:00,853.51
2306,77,10,2024-12-17 01:22:00,1124.13
2307,127,9,2025-04-11 18:06:00,363.83
2308,116,16,2025-09-09 18:38:00,1385.14
2309,8,6,2025-05-13 07:43:00,1371.81
2310,6,2,2025-03-03 17:41:00,1209.9
2311,47,15,2024-03-19 17:26:00,1396.23
2312,59,20,2025-06-13 14:12:00,1011.33
2313,19,11,2024-02-25 14:12:00,524.79
2314,59,14,2024-02-04 10:07:00,964.0
2315,110,16,2024-12-24 19:32:00,972.64
2316,41,14,2025-04-25 15:39:00,521.05
2317,17,7,2025-08-09 12:47:00,478.36
2318,136,2,2024-02-14 16:26:00,544.66
2319,55,2,2024-09-15 09:01:00,828.56
2320,46,4,2024-01-01 18:36:00,728.48
2321,21,18,2024-10-20 12:35:00,789.36
2322,41,11,2024-05-16 19:40:00,613.7
2323,150,15,2024-01-28 17:59:00,357.68
2324,32,9,2024-05-24 19:01:00,1298.5
2325,130,5,2024-06-07 11:13:00,177.53
2326,34,7,2024-10-12 09:15:00,664.29
2327,26,2,2025-10-01 08:31:00,319.23
2328,63,17,2024-05-22 17:23:00,670.7
2329,109,3,2025-09-19 20:14:00,618.23
2330,115,17,2024-05-19 11:17:00,597.56
2331,133,16,2025-11-04 15:34:00,654.37
2332,3,6,2025-06-22 10:52:00,1282.29
2333,98,12,2024-01-15 07:36:00,1043.32
2334,146,5,2024-02-08 16:40:00,631.99
2335,13,16,2024-02-06 15:10:00,441.44
2336,126,18,2025-12-08 21:01:00,1385.21
2337,128,8,2024-04-25 11:11:00,1017.65
2338,65,5,2024-05-01 08:27:00,558.36
2339,150,2,2024-02-20 05:13:00,1460.91
2340,80,7,2025-06-20 14:20:00,541.08
2341,150,11,2025-12-19 13:42:00,1134.43
2342,125,15,2025-09-22 19:42:00,339.42
2343,133,20,2024-12-27 19:52:00,1385.43
2344,81,9,2024-01-23 13:43:00,328.21
2345,105,6,2024-01-25 22:45:00,1445.0
2346,81,17,2024-08-12 10:16:00,1422.92
2347,52,13,2025-04-06 11:25:00,516.51
2348,51,8,2025-11-03 09:22:00,557.97
2349,34,18,2025-10-11 10:36:00,609.19
2350,32,5,2025-05-11 15:45:00,1313.17
2351,5,15,2024-01-10 21:55:00,1452.88
2352,44,14,2025-11-14 19:01:00,169.67
2353,90,19,2025-04-01 19:39:00,796.91
2354,109,5,2024-11-22 08:55:00,1166.71
2355,13,6,2025-12-29 11:42:00,317.92
2356,95,9,2024-07-02 16:53:00,1058.41
2357,81,4,2025-05-15 11:37:00,555.52
2358,74,8,2025-02-13 23:18:00,1347.34
2359,86,15,2024-10-13 10:50:00,698.65
2360,34,17,2025-01-13 22:49:00,1235.45
2361,113,19,2025-08-27 18:19:00,1461.62
2362,41,10,2025-12-12 14:15:00,329.51
2363,47,6,2024-01-30 18:58:00,629.75
2364,106,3,2024-12-01 18:27:00,961.28
2365,67,7,2024-08-11 20:28:00,607.05
2366,139,5,2024-06-10 15:38:00,1135.55
2367,46,7,2024-03-09 17:31:00,1364.48
2368,105,20,2024-02-27 12:49:00,1181.68
2369,47,14,2025-03-04 14:54:00,650.07
2370,125,20,2025-11-17 13:02:00,1114.34
2371,19,16,2025-09-17 14:59:00,951.19
2372,86,7,2025-09-09 14:52:00,1174.71
2373,87,14,2024-02-15 21:55:00,715.22
2374,80,19,2024-03-15 13:24:00,420.74
2375,79,4,2024-12-11 14:29:00,312.8
2376,50,20,2025-06-21 17:31:00,1015.53
2377,3,4,2025-10-29 12:54:00,421.44
2378,89,18,2024-04-01 18:10:00,1137.37
2379,125,7,2024-12-11 02:50:00,1274.16
2380,23,1,2025-04-23 18:34:00,644.6
2381,46,17,2024-07-16 08:10:00,1090.64
2382,31,7,2024-05-26 11:16:00,866.42
2383,136,13,2024-04-17 07:19:00,142.42
2384,4,7,2024-06-11 14:22:00,1233.19
2385,131,9,2024-02-25 08:20:00,986.73
2386,131,1,2025-05-19 15:08:00,267.61
2387,38,12,2025-02-24 14:52:00,1147.72
2388,147,18,2024-10-13 21:25:00,902.01
2389,124,5,2024-05-22 11:31:00,835.35
2390,72,14,2025-12-17 20:40:00,434.49
2391,77,4,2025-12-25 12:34:00,1214.34
2392,81,8,2025-10-31 09:15:00,1273.68
2393,136,6,2024-02-14 09:46:00,1155.84
2394,86,4,2024-08-17 11:37:00,965.19
2395,89,6,2024-11-15 16:26:00,1306.69
2396,13,12,2025-05-25 20:27:00,1347.25
2397,109,11,2025-08-02 22:07:00,266.06
2398,79,10,2025-04-18 03:59:00,617.3
2399,107,19,2024-12-07 09:38:00,1096.69
2400,41,9,2025-02-10 11:14:00,555.8
2401,4,19,2024-07-27 17:13:00,152.55
2402,140,11,2025-01-14 11:00:00,569.7
2403,3,10,2024-06-07 19:01:00,649.15
2404,28,19,2024-01-24 10:24:00,1124.54
2405,29,13,2024-04-14 12:40:00,139.86
2406,32,15,2024-08-27 16:08:00,1397.42
2407,117,1,2024-09-30 09:35:00,945.99
2408,118,1,2025-02-28 17:50:00,590.46
2409,44,14,2024-08-16 19:51:00,1209.17
2410,90,2,2025-03-23 13:39:00,1256.11
2411,139,1,2025-09-17 10:31:00,411.24
2412,126,10,2025-06-04 04:44:00,1111.26
2413,76,2,2025-01-02 10:36:00,312.63
2414,25,8,2025-10-04 22:36:00,1222.0
2415,44,5,2024-02-11 11:22:00,1086.39
2416,135,20,2025-01-24 14:15:00,959.64
2417,8,2,2025-05-04 21:11:00,378.56
2418,39,18,2025-03-03 11:20:00,765.05
2419,116,20,2024-11-06 06:32:00,1043.52
2420,26,2,2024-05-07 17:54:00,1109.26
2421,92,19,2025-12-18 11:33:00,1118.65
2422,89,1,2025-04-14 05:35:00,591.39
2423,110,19,2024-06-08 23:03:00,780.36
2424,17,10,2025-03-14 17:44:00,1339.83
2425,11,10,2025-03-15 20:14:00,753.35
2426,126,8,2025-03-17 22:17:00,1181.41
2427,62,4,2024-10-15 20:31:00,612.65
2428,86,9,2024-08-13 18:40:00,214.45
2429,4,4,2025-11-12 10:28:00,1255.02
2430,16,16,2024-12-24 15:54:00,725.03
2431,91,13,2025-09-17 15:47:00,504.96
2432,140,8,2025-03-16 19:01:00,1305.59
2433,84,18,2025-06-28 20:48:00,1114.54
2434,43,20,2025-01-13 13:09:00,1275.59
2435,9,17,2025-10-21 12:36:00,830.87
2436,115,8,2024-04-21 06:12:00,1462.84
2437,125,20,2024-11-09 23:59:00,668.67
2438,91,11,2025-05-19 23:10:00,1298.73
2439,8,20,2024-10-10 19:59:00,1005.04
2440,74,12,2024-07-18 14:50:00,530.58
2441,140,8,2024-11-16 18:03:00,412.6
2442,23,17,2025-01-18 19:21:00,1264.35
2443,132,20,2025-05-11 11:25:00,1396.6
2444,8,6,2024-04-14 13:57:00,254.8
2445,55,8,2024-03-13 14:42:00,307.07
2446,149,7,2025-03-08 13:44:00,500.69
2447,78,19,2025-03-12 06:30:00,367.02
2448,118,14,2025-01-23 14:27:00,430.26
2449,101,2,2025-03-06 11:28:00,1266.1
2450,90,3,2025-11-09 16:07:00,620.35
2451,89,1,2025-05-12 17:30:00,300.37
2452,8,14,2024-04-14 13:39:00,415.36
2453,146,16,2025-09-05 17:50:00,648.29
2454,59,7,2025-05-26 18:44:00,689.81
2455,79,9,2025-04-09 11:46:00,974.13
2456,83,9,2024-01-03 17:45:00,457.36
2457,88,15,2025-04-03 22:30:00,1435.0
2458,136,17,2024-08-04 10:44:00,903.83
2459,2,17,2024-03-22 12:56:00,614.79
2460,86,17,2025-02-01 12:00:00,1331.3
2461,44,18,2024-05-31 19:37:00,1318.69
2462,80,15,2025-11-08 04:54:00,394.93
2463,27,14,2024-08-25 19:31:00,779.86
2464,33,1,2025-04-24 19:30:00,920.85
2465,64,11,2025-12-01 21:49:00,959.96
2466,43,9,2025-05-03 18:49:00,719.18
2467,119,6,2025-10-15 14:59:00,961.23
2468,110,1,2024-06-08 11:50:00,356.45
2469,26,1,2025-06-11 11:32:00,361.32
2470,135,14,2025-04-25 06:00:00,1489.93
2471,5,4,2025-03-13 11:17:00,125.57
2472,95,8,2025-01-30 16:28:00,1157.09
2473,124,16,2024-07-13 23:47:00,156.37
2474,34,20,2025-02-14 20:33:00,399.77
2475,141,12,2024-10-21 08:20:00,430.88
2476,123,11,2025-09-28 12:23:00,634.39
2477,140,1,2024-03-26 09:14:00,352.43
2478,150,15,2024-08-25 14:48:00,652.09
2479,8,11,2025-04-13 18:59:00,1380.43
2480,126,12,2025-02-06 09:45:00,757.21
2481,147,3,2025-05-22 07:19:00,1398.11
2482,67,8,2025-04-09 11:48:00,388.46
2483,57,9,2025-02-23 11:51:00,1033.82
2484,51,3,2024-10-29 12:28:00,492.98
2485,20,6,2024-01-04 16:40:00,1480.14
2486,140,16,2025-10-08 18:06:00,693.54
2487,136,2,2024-12-01 18:56:00,852.43
2488,13,5,2024-05-10 15:31:00,1373.29
2489,44,18,2025-11-30 13:43:00,882.25
2490,17,8,2025-02-04 06:04:00,1042.12
2491,136,11,2025-04-18 13:14:00,330.21
2492,34,20,2024-09-22 10:11:00,382.14
2493,83,4,2025-02-27 16:40:00,1180.41
2494,147,2,2024-06-28 17:54:00,728.8
2495,95,12,2024-11-14 17:50:00,332.91
2496,90,3,2025-10-09 10:59:00,309.14
2497,146,16,2025-11-14 02:07:00,977.82
2498,118,9,2024-02-17 10:21:00,166.25
2499,95,10,2025-01-13 19:28:00,1251.12
2500,3,16,2024-12-20 12:20:00,730.48
2501,41,4,2025-01-14 12:31:00,140.19
2502,32,4,2024-02-04 16:58:00,956.12
2503,41,18,2024-10-03 04:16:00,630.98
2504,116,15,2025-09-16 14:36:00,233.34
2505,67,8,2025-10-15 19:29:00,1032.34
2506,16,19,2024-04-13 18:40:00,348.5
2507,106,2,2024-12-14 13:28:00,452.9
2508,111,5,2024-08-12 20:09:00,980.01
2509,16,6,2025-06-18 10:35:00,1103.99
2510,108,12,2024-09-19 11:40:00,1358.68
2511,136,16,2024-01-23 18:19:00,903.99
2512,4,8,2024-12-16 22:00:00,1180.05
2513,2,13,2024-06-26 22:48:00,1023.65
2514,59,15,2025-08-07 09:59:00,408.77
2515,108,6,2024-12-05 20:54:00,728.48
2516,45,20,2024-06-05 18:51:00,338.72
2517,23,5,2025-03-04 07:51:00,1005.99
2518,129,9,2024-02-20 06:52:00,327.06
2519,26,18,2025-08-12 23:49:00,954.6
2520,86,18,2024-05-10 18:35:00,165.52
2521,110,5,2024-05-27 19:37:00,1400.05
2522,125,19,2024-03-10 13:54:00,1095.64
2523,145,15,2024-11-16 23:04:00,169.02
2524,46,1,2025-09-29 13:50:00,1319.25
2525,74,3,2024-01-09 09:04:00,391.03
2526,31,16,2025-04-23 18:37:00,1340.1
2527,99,8,2024-09-25 12:38:00,366.67
2528,114,1,2024-10-08 08:57:00,1132.53
2529,131,18,2024-06-13 17:45:00,724.98
2530,37,6,2025-05-21 17:06:00,471.45
2531,37,11,2024-02-12 10:57:00,1311.09
2532,105,16,2024-02-23 17:27:00,671.44
2533,104,7,2024-03-27 08:17:00,1315.83
2534,106,8,2025-04-04 02:00:00,173.44
2535,86,15,2025-11-17 12:05:00,265.73
2536,15,6,2025-04-03 20:51:00,1046.82
2537,135,8,2024-01-19 19:59:00,647.54
2538,19,18,2024-11-14 06:13:00,702.5
2539,80,3,2024-08-23 22:23:00,367.87
2540,116,15,2025-04-11 19:09:00,971.38
2541,95,9,2024-07-31 12:30:00,1231.4
2542,59,2,2024-08-09 11:00:00,815.02
2543,72,5,2024-02-15 12:37:00,1089.12
2544,50,16,2025-06-15 18:32:00,330.25
2545,150,4,2024-02-25 18:33:00,1151.44
2546,135,12,2025-02-06 12:40:00,647.06
2547,5,7,2025-06-02 10:01:00,1459.26
2548,81,16,2024-04-26 20:55:00,1421.4
2549,110,11,2025-04-15 12:04:00,1412.75
2550,62,16,2025-01-23 16:26:00,558.52
2551,59,5,2024-08-17 14:16:00,130.32
2552,87,8,2025-02-10 12:23:00,217.12
2553,71,9,2024-10-19 21:54:00,1431.48
2554,48,10,2024-10-22 11:12:00,1270.14
2555,9,5,2025-03-29 20:13:00,1077.9
2556,32,20,2025-08-06 21:58:00,699.35
2557,47,7,2024-10-27 18:32:00,481.09
2558,13,15,2025-05-28 17:50:00,1117.77
2559,79,16,2025-09-30 12:13:00,1343.78
2560,131,16,2024-05-05 17:15:00,1456.63
2561,104,14,2025-06-02 17:39:00,749.51
2562,125,15,2024-08-08 07:19:00,415.57
2563,138,3,2024-02-16 20:33:00,1107.21
2564,8,18,2025-08-29 21:27:00,1013.02
2565,149,4,2025-02-26 10:03:00,1165.05
2566,109,15,2025-05-29 13:57:00,944.24
2567,2,1,2024-09-18 07:35:00,1320.5
2568,61,11,2024-02-01 17:24:00,1456.61
2569,149,8,2024-02-10 12:45:00,1280.85
2570,21,6,2025-02-03 07:53:00,1387.21
2571,32,15,2025-07-26 21:08:00,1401.93
2572,131,18,2025-12-06 12:35:00,1004.87
2573,16,5,2024-10-03 14:20:00,431.78
2574,100,12,2024-12-18 20:51:00,473.04
2575,52,3,2024-01-12 13:14:00,215.64
2576,77,6,2025-08-17 21:51:00,1293.82
2577,125,11,2025-10-18 17:17:00,671.5
2578,25,2,2024-04-26 22:36:00,447.99
2579,83,14,2024-10-03 17:04:00,1220.54
2580,33,7,2025-07-30 14:12:00,425.24
2581,86,3,2025-05-12 19:44:00,1210.67
2582,144,11,2025-08-27 16:45:00,791.3
2583,133,5,2025-12-17 12:40:00,901.92
2584,81,19,2024-07-16 10:36:00,1469.31
2585,74,10,2025-11-08 14:40:00,268.8
2586,28,10,2025-06-11 16:33:00,1181.31
2587,90,12,2024-11-28 21:07:00,1438.87
2588,82,9,2025-10-16 14:36:00,1424.93
2589,5,11,2025-03-01 02:31:00,587.05
2590,30,10,2024-03-17 13:52:00,776.94
2591,49,10,2025-03-13 10:01:00,611.99
2592,47,2,2025-08-16 19:39:00,1084.36
2593,36,1,2025-11-30 22:21:00,450.52
2594,95,2,2024-09-26 19:17:00,259.36
2595,4,7,2025-09-30 16:02:00,1071.36
2596,126,12,2025-11-25 09:38:00,128.77
2597,49,9,2024-09-18 16:03:00,409.22
2598,44,10,2025-04-04 18:32:00,1230.82
2599,119,18,2024-04-23 13:43:00,1364.0
2600,150,12,2024-11-03 11:52:00,1319.81
2601,138,6,2024-12-17 07:39:00,607.88
2602,44,11,2025-01-01 11:18:00,1249.07
2603,70,12,2024-04-12 17:35:00,971.03
2604,135,15,2025-07-27 16:21:00,1174.86
2605,53,6,2024-06-17 11:00:00,842.04
2606,95,2,2024-09-30 18:33:00,1354.04
2607,26,5,2025-07-11 03:09:00,1046.58
2608,23,12,2024-08-19 16:38:00,245.39
2609,10,11,2025-08-26 23:36:00,449.47
2610,125,19,2024-07-20 12:56:00,748.04
2611,10,9,2024-04-20 20:39:00,310.26
2612,137,5,2025-09-17 18:22:00,1367.68
2613,44,9,2024-01-06 18:40:00,483.39
2614,4,18,2025-06-06 04:17:00,1131.64
2615,37,17,2025-08-28 14:47:00,206.14
2616,23,17,2024-06-05 19:24:00,987.51
2617,62,15,2024-08-30 02:08:00,1294.5
2618,18,18,2025-01-18 08:38:00,211.25
2619,99,6,2025-11-10 01:32:00,616.39
2620,8,7,2024-01-29 10:49:00,950.64
2621,125,13,2025-03-25 20:28:00,1250.59
2622,13,8,2025-09-02 19:03:00,885.26
2623,138,2,2024-12-19 11:11:00,509.93
2624,118,16,2024-05-15 19:42:00,310.8
2625,32,3,2024-08-08 14:48:00,1071.88
2626,7,11,2025-01-23 11:52:00,271.15
2627,19,20,2025-09-15 20:55:00,302.36
2628,93,9,2025-03-21 18:54:00,884.08
2629,150,8,2025-08-31 16:02:00,1280.14
2630,105,11,2024-09-19 09:01:00,565.55
2631,135,17,2024-10-29 17:53:00,826.43
2632,95,7,2024-06-29 13:06:00,388.23
2633,95,6,2024-02-22 11:54:00,885.42
2634,98,11,2025-12-15 13:02:00,498.07
2635,126,19,2025-02-19 12:01:00,864.58
2636,110,18,2025-05-16 22:45:00,540.2
2637,115,9,2025-02-17 12:43:00,464.21
2638,72,15,2024-03-15 20:05:00,336.69
2639,127,4,2024-02-04 12:15:00,155.74
2640,50,15,2024-01-29 07:41:00,915.66
2641,29,12,2025-08-21 07:39:00,155.84
2642,81,2,2025-09-30 09:03:00,1237.65
2643,120,8,2025-02-23 08:53:00,1348.82
2644,113,5,2024-12-22 15:20:00,751.44
2645,8,4,2025-07-16 11:40:00,793.49
2646,86,4,2024-12-21 08:58:00,1140.97
2647,44,3,2024-03-23 20:27:00,435.32
2648,4,11,2025-01-25 19:08:00,1439.1
2649,23,6,2024-08-22 09:56:00,368.03
2650,98,6,2024-06-02 10:59:00,1138.08
2651,36,19,2025-05-29 17:17:00,531.63
2652,103,14,2025-03-05 13:28:00,1252.28
2653,149,12,2024-04-18 17:47:00,1455.99
2654,135,3,2025-07-14 19:45:00,716.77
2655,59,8,2024-03-01 22:08:00,137.2
2656,142,19,2025-02-15 11:14:00,1308.41
2657,68,12,2024-05-30 13:03:00,675.89
2658,118,8,2024-09-19 03:07:00,1008.46
2659,3,15,2025-01-02 09:24:00,310.72
2660,119,5,2024-06-21 20:57:00,1188.45
2661,81,18,2025-02-17 18:42:00,594.21
2662,4,18,2024-04-16 19:42:00,156.14
2663,150,13,2024-01-17 10:21:00,789.97
2664,38,8,2024-11-15 06:38:00,1452.92
2665,35,12,2024-06-19 20:22:00,788.04
2666,135,20,2024-02-17 23:07:00,809.67
2667,50,15,2025-09-18 16:59:00,1239.73
2668,49,6,2024-11-26 13:14:00,568.61
2669,15,20,2025-07-12 13:28:00,123.38
2670,8,7,2024-11-20 21:58:00,610.52
2671,75,3,2025-01-24 21:41:00,1485.49
2672,118,16,2024-01-14 15:56:00,274.4
2673,1,16,2025-09-12 18:44:00,1157.23
2674,128,13,2025-12-01 12:47:00,627.41
2675,140,20,2025-06-22 23:18:00,1267.25
2676,33,16,2025-08-20 19:37:00,901.19
2677,59,11,2024-10-02 11:01:00,909.99
2678,147,7,2024-10-26 06:59:00,451.3
2679,49,7,2025-05-21 20:55:00,203.87
2680,54,20,2024-10-02 19:24:00,818.17
2681,13,16,2024-03-10 14:06:00,738.69
2682,15,3,2024-08-19 14:54:00,949.97
2683,32,20,2024-03-02 18:19:00,1117.83
2684,112,16,2025-08-22 20:54:00,1356.89
2685,70,4,2025-10-29 20:39:00,467.59
2686,35,18,2024-10-30 11:53:00,918.95
2687,74,13,2024-10-12 10:17:00,674.11
2688,150,10,2025-04-06 17:25:00,323.37
2689,31,12,2025-03-30 19:43:00,479.87
2690,147,7,2025-09-09 11:47:00,645.96
2691,50,20,2024-09-25 20:27:00,1024.46
2692,22,19,2025-04-03 13:17:00,1037.57
2693,115,16,2024-05-08 08:58:00,1410.44
2694,82,7,2025-01-08 11:29:00,887.35
2695,51,5,2024-05-16 16:06:00,223.76
2696,34,6,2025-06-28 11:46:00,296.64
2697,16,10,2024-03-13 11:51:00,1302.39
2698,98,19,2024-09-21 16:27:00,277.81
2699,4,19,2025-10-11 16:22:00,658.0
2700,51,1,2025-02-04 20:21:00,1192.6
2701,23,3,2024-06-28 14:56:00,233.21
2702,110,11,2024-12-25 19:45:00,892.38
2703,139,18,2025-07-03 11:36:00,346.84
2704,149,2,2024-12-09 04:04:00,473.68
2705,127,8,2024-09-20 12:58:00,1111.04
2706,10,15,2024-09-20 11:22:00,840.57
2707,53,4,2025-07-30 09:29:00,1286.73
2708,95,16,2025-09-08 21:38:00,1389.75
2709,49,11,2024-01-30 15:57:00,995.82
2710,45,8,2024-08-09 08:55:00,1286.72
2711,47,18,2024-02-10 12:07:00,261.29
2712,119,10,2024-11-24 12:26:00,1433.61
2713,64,10,2025-12-02 13:24:00,348.49
2714,12,11,2024-07-15 19:51:00,332.32
2715,147,7,2024-08-25 17:33:00,984.51
2716,133,15,2024-09-01 18:32:00,1221.76
2717,59,13,2024-07-14 18:50:00,138.35
2718,51,10,2025-08-11 19:28:00,834.7
2719,49,11,2025-07-03 09:07:00,308.96
2720,16,15,2025-11-04 10:58:00,507.49
2721,105,14,2025-02-02 21:44:00,917.1
2722,16,19,2025-10-26 12:51:00,370.19
2723,126,6,2024-12-01 16:17:00,1357.91
2724,128,12,2024-07-27 12:22:00,488.48
2725,4,1,2024-06-13 13:28:00,1276.83
2726,74,1,2025-01-27 22:46:00,829.73
2727,36,2,2024-11-13 20:26:00,290.24
2728,68,19,2024-06-11 10:58:00,1260.53
2729,28,6,2025-09-28 20:14:00,1118.57
2730,75,8,2025-11-06 09:23:00,471.79
2731,31,10,2024-03-03 18:04:00,870.66
2732,45,3,2025-08-21 23:54:00,1122.82
2733,140,2,2024-10-31 17:50:00,397.73
2734,15,15,2025-06-12 14:51:00,250.29
2735,4,6,2024-04-26 15:12:00,206.88
2736,145,6,2025-01-27 23:22:00,1172.54
2737,126,8,2025-09-13 18:06:00,1486.0
2738,72,5,2025-01-02 11:49:00,1474.15
2739,78,6,2024-04-25 12:19:00,1190.3
2740,136,13,2025-05-22 15:19:00,1265.37
2741,106,13,2025-11-08 12:47:00,639.72
2742,40,5,2024-12-05 18:00:00,1160.57
2743,52,6,2025-08-12 18:14:00,391.0
2744,117,15,2024-05-15 20:48:00,671.34
2745,62,13,2024-05-20 11:11:00,608.35
2746,105,3,2025-12-25 19:01:00,598.19
2747,22,2,2024-12-09 09:27:00,621.26
2748,125,18,2024-05-29 16:23:00,273.21
2749,61,9,2025-04-30 12:30:00,700.62
2750,98,20,2025-10-20 21:28:00,1401.18
2751,14,5,2025-04-19 14:48:00,1396.33
2752,118,20,2025-01-25 21:54:00,788.03
2753,86,1,2024-08-18 16:10:00,937.62
2754,88,13,2025-05-23 15:31:00,632.25
2755,15,3,2024-08-28 12:23:00,537.05
2756,49,13,2024-12-30 08:33:00,279.55
2757,38,2,2025-07-02 10:11:00,387.42
2758,86,10,2025-06-20 22:35:00,1220.66
2759,17,12,2024-07-30 16:18:00,1378.78
2760,23,14,2025-05-01 11:56:00,344.85
2761,3,8,2025-01-03 16:50:00,926.24
2762,117,14,2025-05-02 11:18:00,1309.04
2763,48,10,2024-01-04 16:59:00,549.48
2764,124,19,2025-06-23 08:10:00,847.77
2765,73,5,2025-11-10 18:30:00,1301.18
2766,104,11,2024-02-29 14:35:00,1132.15
2767,44,17,2025-12-27 18:41:00,1063.58
2768,143,15,2024-11-21 18:35:00,1316.81
2769,114,8,2024-04-10 08:30:00,482.15
2770,40,13,2025-02-08 09:28:00,1364.44
2771,118,4,2024-09-07 12:35:00,1439.85
2772,55,19,2024-12-30 03:35:00,886.41
2773,111,9,2024-04-19 07:50:00,157.97
2774,145,20,2024-01-08 13:44:00,1104.29
2775,94,18,2025-07-27 20:57:00,941.95
2776,92,13,2024-10-04 15:54:00,1302.11
2777,150,16,2025-04-18 18:13:00,1114.98
2778,6,16,2025-05-18 10:11:00,279.56
2779,132,1,2025-05-09 20:32:00,322.77
2780,51,17,2025-11-26 17:50:00,338.52
2781,101,1,2025-08-04 20:12:00,267.36
2782,138,7,2024-01-04 21:02:00,573.77
2783,72,8,2024-11-15 18:53:00,1264.88
2784,128,6,2024-08-11 22:09:00,1253.76
2785,115,20,2024-06-05 20:59:00,495.36
2786,126,14,2025-11-12 18:39:00,137.23
2787,49,13,2024-12-31 15:38:00,724.02
2788,15,5,2025-07-02 14:58:00,756.77
2789,95,17,2024-03-22 18:47:00,707.9
2790,127,3,2024-05-01 11:42:00,274.05
2791,74,16,2024-09-04 10:56:00,802.4
2792,17,15,2024-06-13 12:10:00,942.04
2793,63,1,2024-08-24 18:05:00,1388.25
2794,120,7,2024-05-10 14:30:00,182.55
2795,108,19,2025-03-08 21:41:00,950.3
2796,115,3,2024-03-22 08:58:00,1293.43
2797,147,10,2024-06-22 21:02:00,796.55
2798,61,3,2025-09-02 20:52:00,1128.59
2799,74,9,2025-09-26 12:03:00,437.92
2800,126,1,2025-05-08 17:00:00,1026.07
2801,74,3,2024-03-15 05:07:00,1425.82
2802,109,8,2024-10-20 05:08:00,165.35
2803,90,2,2024-10-24 22:24:00,1476.31
2804,3,17,2024-11-08 18:44:00,506.24
2805,72,5,2024-06-20 15:18:00,1254.38
2806,41,15,2024-08-14 15:11:00,406.5
2807,85,1,2025-04-06 07:19:00,450.19
2808,10,16,2024-07-31 23:40:00,676.54
2809,29,2,2024-12-05 14:36:00,708.79
2810,97,12,2025-01-20 14:39:00,1401.58
2811,129,18,2024-08-01 16:37:00,1045.31
2812,16,6,2024-12-30 07:15:00,702.08
2813,5,4,2024-10-25 11:54:00,736.4
2814,88,20,2024-02-14 12:53:00,1217.64
2815,67,11,2024-01-21 10:32:00,947.65
2816,134,4,2024-10-30 04:09:00,606.25
2817,21,7,2024-03-07 22:44:00,515.99
2818,131,14,2025-01-14 16:56:00,772.88
2819,33,19,2024-05-03 08:33:00,883.09
2820,10,8,2024-08-02 13:49:00,915.39
2821,139,6,2025-01-09 18:13:00,692.05
2822,77,13,2024-01-27 17:34:00,836.64
2823,125,2,2024-12-31 05:40:00,482.98
2824,63,14,2025-03-19 20:03:00,1356.67
2825,106,16,2024-10-02 11:55:00,139.51
2826,150,2,2025-09-03 16:11:00,653.75
2827,56,3,2025-08-20 18:42:00,363.88
2828,133,16,2025-03-19 15:01:00,435.2
2829,138,12,2025-10-16 16:55:00,867.3
2830,122,7,2025-12-09 11:14:00,1135.12
2831,125,8,2024-12-13 12:49:00,1264.75
2832,19,13,2024-01-27 08:57:00,405.28
2833,33,7,2025-04-27 11:36:00,1320.33
2834,13,10,2025-10-12 15:52:00,975.11
2835,18,14,2024-09-24 19:58:00,949.44
2836,105,20,2025-09-10 09:19:00,684.17
2837,95,12,2025-07-12 21:57:00,589.66
2838,129,17,2025-07-14 16:11:00,198.17
2839,5,16,2024-05-15 12:30:00,1477.04
2840,76,19,2024-10-17 19:23:00,1425.99
2841,60,3,2024-05-04 17:25:00,1005.49
2842,19,7,2025-11-25 12:24:00,1258.32
2843,44,2,2025-12-14 00:19:00,1073.39
2844,4,18,2025-11-25 19:49:00,972.04
2845,44,10,2024-01-29 13:02:00,889.05
2846,131,14,2024-03-19 13:12:00,911.69
2847,145,18,2024-06-19 12:42:00,611.34
2848,100,4,2024-08-04 13:41:00,136.36
2849,79,11,2025-10-25 18:18:00,573.13
2850,44,16,2024-08-11 12:34:00,1280.9
2851,140,4,2024-04-04 12:03:00,1468.79
2852,96,4,2024-06-14 12:27:00,998.44
2853,105,15,2024-06-23 23:17:00,1358.52
2854,3,20,2025-03-24 20:16:00,1374.09
2855,59,19,2025-03-15 09:34:00,893.68
2856,149,2,2025-01-21 03:56:00,1032.78
2857,31,16,2024-09-03 07:06:00,766.2
2858,59,13,2025-07-16 19:51:00,1206.71
2859,116,9,2025-01-13 11:42:00,685.01
2860,136,17,2025-06-08 18:57:00,679.52
2861,99,2,2025-01-13 13:27:00,747.94
2862,78,8,2025-10-03 09:51:00,1196.96
2863,44,12,2025-07-25 16:45:00,237.41
2864,50,6,2024-11-08 13:30:00,1324.95
2865,74,1,2024-01-22 18:56:00,522.46
2866,31,8,2025-02-02 12:48:00,999.47
2867,140,2,2025-11-24 21:38:00,246.77
2868,131,11,2024-01-06 21:19:00,1186.81
2869,29,10,2025-11-22 17:13:00,928.33
2870,36,5,2025-08-17 20:06:00,674.49
2871,74,16,2024-04-25 20:53:00,675.82
2872,109,6,2025-12-25 12:51:00,999.71
2873,128,16,2025-11-10 09:34:00,129.98
2874,118,4,2025-11-02 11:04:00,857.75
2875,107,7,2025-07-26 12:45:00,229.49
2876,105,5,2024-09-30 20:23:00,1323.17
2877,20,6,2025-06-13 14:39:00,1016.09
2878,79,20,2025-03-19 20:53:00,374.79
2879,8,2,2024-09-17 19:54:00,578.55
2880,8,6,2024-11-07 12:49:00,1061.24
2881,104,19,2025-01-06 16:21:00,1300.66
2882,44,14,2024-09-10 15:52:00,943.78
2883,32,16,2024-06-20 16:59:00,429.33
2884,35,9,2024-08-14 15:31:00,972.42
2885,87,12,2025-12-03 14:33:00,1344.43
2886,141,12,2024-07-29 11:25:00,1493.24
2887,116,3,2025-09-18 12:48:00,1036.21
2888,36,17,2025-01-05 14:42:00,331.27
2889,52,17,2024-12-28 12:13:00,1039.58
2890,15,18,2025-01-10 22:11:00,223.93
2891,4,8,2025-11-21 23:43:00,1475.87
2892,66,16,2024-02-22 19:38:00,411.19
2893,43,11,2025-06-23 17:02:00,917.41
2894,12,7,2024-12-29 13:27:00,919.08
2895,110,20,2024-10-02 20:39:00,1369.57
2896,35,17,2024-01-12 18:29:00,479.57
2897,127,6,2024-06-01 03:58:00,1407.66
2898,21,13,2025-03-26 16:03:00,1052.88
2899,97,11,2025-05-24 19:41:00,651.95
2900,16,13,2024-08-10 18:06:00,260.55
2901,114,3,2025-01-02 19:54:00,159.79
2902,106,16,2025-08-19 18:12:00,1456.89
2903,4,12,2025-06-02 13:06:00,1068.0
2904,31,12,2025-03-27 11:41:00,645.0
2905,104,10,2024-04-12 21:13:00,586.66
2906,46,8,2024-05-03 08:00:00,1167.63
2907,86,6,2025-07-15 19:29:00,956.29
2908,49,14,2024-01-08 13:49:00,717.72
2909,135,17,2025-02-24 07:49:00,1489.89
2910,119,20,2024-03-27 12:23:00,263.59
2911,147,4,2025-09-11 12:08:00,1057.12
2912,42,13,2025-05-27 18:55:00,203.85
2913,106,12,2024-04-22 20:24:00,1375.36
2914,115,17,2025-04-20 18:43:00,631.96
2915,54,2,2025-12-27 13:21:00,359.12
2916,112,1,2025-12-17 19:05:00,254.49
2917,86,4,2024-06-15 22:27:00,777.23
2918,116,4,2024-03-19 22:35:00,215.92
2919,110,14,2024-06-17 22:14:00,573.77
2920,104,14,2024-01-03 16:30:00,436.26
2921,135,10,2025-04-20 11:36:00,987.57
2922,52,5,2024-04-15 09:46:00,870.59
2923,145,8,2025-02-15 18:55:00,1286.61
2924,115,10,2024-12-10 19:04:00,402.65
2925,106,14,2024-09-29 11:59:00,1016.5
2926,131,17,2024-10-24 17:36:00,588.95
2927,137,9,2024-11-11 21:58:00,574.85
2928,134,2,2024-10-24 19:39:00,1150.56
2929,140,2,2025-11-23 20:48:00,712.6
2930,47,6,2025-09-06 17:25:00,1413.94
2931,33,4,2024-11-19 17:00:00,680.23
2932,54,3,2024-12-02 14:52:00,1016.2
2933,118,4,2024-06-18 19:44:00,173.14
2934,4,20,2024-10-26 12:37:00,1237.65
2935,61,18,2024-07-26 21:44:00,929.61
2936,89,7,2024-02-18 14:58:00,1061.83
2937,139,4,2024-11-02 11:22:00,620.5
2938,44,14,2024-03-28 11:36:00,343.36
2939,103,20,2024-11-27 18:49:00,352.57
2940,145,11,2025-06-01 18:16:00,314.52
2941,22,17,2024-01-03 09:29:00,266.47
2942,115,17,2024-12-02 20:16:00,280.89
2943,26,5,2025-02-08 20:40:00,1206.99
2944,135,1,2025-08-06 15:42:00,1132.87
2945,41,8,2025-09-27 18:35:00,1236.97
2946,120,9,2024-04-04 18:07:00,1289.57
2947,110,3,2025-07-09 18:31:00,346.71
2948,34,2,2024-12-15 21:16:00,494.49
2949,146,14,2025-07-29 21:13:00,164.94
2950,9,5,2025-05-15 16:02:00,1137.22
2951,134,9,2025-04-23 23:25:00,629.53
2952,90,16,2025-06-10 18:30:00,182.33
2953,18,8,2024-05-26 17:50:00,554.82
2954,131,2,2025-10-26 13:21:00,294.33
2955,125,20,2025-10-25 05:16:00,976.13
2956,59,1,2024-12-04 19:45:00,1444.27
2957,21,12,2024-05-12 22:05:00,155.28
2958,54,19,2024-11-24 22:34:00,297.55
2959,111,20,2024-02-24 09:18:00,938.32
2960,36,16,2024-01-25 06:18:00,1121.35
2961,106,14,2024-01-01 09:41:00,562.22
2962,124,16,2025-10-28 11:54:00,1099.08
2963,121,8,2024-06-17 13:03:00,694.22
2964,116,9,2024-09-18 12:50:00,437.14
2965,80,10,2024-02-22 19:48:00,1319.22
2966,8,20,2025-11-28 10:09:00,888.79
2967,33,2,2025-08-16 10:04:00,587.89
2968,141,1,2024-11-24 12:22:00,1327.08
2969,135,9,2024-12-27 12:53:00,596.63
2970,126,7,2024-01-20 21:44:00,235.77
2971,103,15,2025-05-24 04:17:00,933.85
2972,41,6,2025-05-29 12:17:00,730.12
2973,75,11,2024-02-17 16:15:00,559.88
2974,41,9,2024-12-21 10:37:00,430.92
2975,115,2,2024-11-19 06:39:00,737.46
2976,140,4,2024-02-10 17:28:00,533.9
2977,110,9,2025-09-15 11:20:00,588.09
2978,16,1,2024-10-14 14:03:00,899.2
2979,134,8,2024-12-26 07:56:00,1039.73
2980,140,16,2024-09-17 13:40:00,346.22
2981,120,1,2024-03-26 12:56:00,902.37
2982,22,12,2025-08-03 12:34:00,120.31
2983,105,1,2024-08-03 13:43:00,1492.18
2984,76,7,2025-03-10 19:50:00,378.8
2985,40,15,2025-12-13 17:04:00,164.77
2986,17,12,2024-10-07 08:15:00,304.29
2987,78,7,2024-05-11 19:57:00,585.05
2988,19,20,2025-12-17 16:32:00,304.77
2989,123,8,2025-03-28 07:37:00,349.61
2990,85,10,2024-07-14 19:36:00,527.67
2991,147,15,2024-04-19 17:30:00,506.58
2992,48,20,2025-05-23 00:47:00,212.62
2993,31,19,2024-08-13 17:00:00,253.05
2994,45,7,2025-03-23 09:35:00,171.33
2995,61,9,2025-01-12 20:38:00,1121.65
2996,17,12,2024-06-03 12:02:00,891.77
2997,135,14,2025-10-19 20:51:00,1329.24
2998,110,10,2024-02-07 12:45:00,594.55
2999,26,17,2024-01-21 15:25:00,525.25
3000,52,4,2025-02-04 16:18:00,746.23
